policy_id,period,region,line_of_business,gross_written_premium,net_earned_premium,claims_paid,loss_ratio,combined_ratio,client_name,risk_category,premium_rate,exposure,currency,gwp_usd,nep_usd,claims_paid_usd,currency_rating
P-00001,2024-02-01,Caribbean,Agriculture,5458357,4588435,2673967,0.5827623143838804,0.8289975325133463,AgriProtect,Market,1.318,5440172,USD,5458357.0,4588435.0,2673967.0,AAA
P-00002,2024-02-01,Caribbean,Engineering,6413472,4807625,1390121,0.2891492160890253,0.7250136234763882,Acentria Reinsurance,Market,0.666,8577641,USD,6413472.0,4807625.0,1390121.0,AAA
P-00003,2024-04-01,Nordics,Marine,5581306,3774966,2536115,0.6718245939168723,1.0326688762549114,Coastal Mutual,Nat Cat,1.018,5849775,KES,40743.5338,27557.251800000002,18513.6395,BBB
P-00004,2024-03-01,Latin America,Motor,3356240,2097461,816238,0.38915526915637527,0.5104789923273382,Munich Re,Liability,0.405,3195742,KES,24500.552,15311.4653,5958.5374,BBB
P-00005,2024-03-01,Africa,Liability,595535,485083,77973,0.1607415638148523,0.5750901840797693,SCOR,Operational,1.264,536936,KES,4347.4055,3541.1059,569.2029,BBB
P-00006,2024-02-01,Caribbean,Engineering,1214036,1049398,514349,0.4901372024722746,0.8820241360298864,Swiss Re,Political,1.255,1182583,EUR,1323299.24,1143843.82,560640.41,AA+
P-00007,2024-03-01,North America,Motor,5523828,3968951,1400646,0.35290080426792875,0.6298440820128033,Kenya Reinsurance Corporation,Agriculture,0.674,7378991,KES,40323.9444,28973.3423,10224.7158,BBB
P-00008,2024-02-01,Latin America,Liability,1358485,899444,309887,0.34453173293723677,0.8123965045839454,Kenya Reinsurance Corporation,Agriculture,1.334,1379007,USD,1358485.0,899444.0,309887.0,AAA
P-00009,2024-02-01,Caribbean,Marine,5486699,3773107,1461850,0.38743931725233344,0.4410041688008944,Aspire Re,Operational,0.576,6378482,EUR,5980501.91,4112686.6300000004,1593416.5000000002,AA+
P-00010,2024-04-01,Australia & Pacific,Energy,6676363,4354963,1796123,0.41243128816479036,0.5321745232221197,Acentria Reinsurance,Operational,0.759,7810389,KES,48737.4499,31791.229900000002,13111.6979,BBB
P-00011,2024-02-01,North America,Agriculture,3761576,3056006,2289915,0.749316264431418,0.9788193978239443,Partner Re,Political,0.78,4240721,KES,27459.5048,22308.8438,16716.3795,BBB
P-00012,2024-01-01,Africa,Agriculture,6649497,5701895,3165313,0.5551335126304501,0.63106297055629,Acentria Reinsurance,Cyber,0.998,6323656,EUR,7247951.73,6215065.550000001,3450191.1700000004,AA+
P-00013,2024-01-01,Middle East & Africa,Motor,6923381,4784844,1067118,0.22302043702992197,0.3623167763846341,Acentria Reinsurance,Market,0.477,9631441,EUR,7546485.290000001,5215479.96,1163158.62,AA+
P-00014,2024-03-01,Africa,Marine,7025809,6105979,3039574,0.49780289123169275,0.8174107433164095,Metro Insurers Ltd,Agriculture,0.789,8487167,KES,51288.4057,44573.6467,22188.8902,BBB
P-00015,2024-04-01,Asia Pacific,Engineering,4362044,3852099,2123965,0.5513786120242496,0.838248745169269,Aspire Re,Political,0.819,5725383,USD,4362044.0,3852099.0,2123965.0,AAA
P-00016,2024-01-01,Africa,Accident & Health,7430732,6476622,1528278,0.23596837981280983,0.6529228066986783,Partner Re,Operational,0.598,6925527,KES,54244.3436,47279.3406,11156.4294,BBB
P-00017,2024-03-01,Latin America,Property,4025609,3544555,2051074,0.578654866407772,0.9031323426277036,AgriProtect,Health,0.708,4301450,KES,29386.9457,25875.2515,14972.8402,BBB
P-00018,2024-01-01,Caribbean,Engineering,5607201,3952810,1747449,0.4420776612081026,0.6212161176975286,Partner Re,Cyber,0.775,6631212,EUR,6111849.090000001,4308562.9,1904719.4100000001,AA+
P-00019,2024-01-01,Australia & Pacific,Liability,2920083,2138547,933827,0.4366642397852374,0.6708976135656342,Swiss Re,Weather,0.636,3536992,EUR,3182890.47,2331016.23,1017871.43,AA+
P-00020,2024-03-01,Australia & Pacific,Accident & Health,833929,588607,282295,0.47959844174466154,0.676641789283295,Munich Re,Market,1.226,786830,KES,6087.6817,4296.8311,2060.7535,BBB
P-00021,2024-02-01,Nordics,Property,4879801,3052617,2514897,0.8238495035571118,1.2772092761621263,Hannover Re,Nat Cat,0.799,5613842,USD,4879801.0,3052617.0,2514897.0,AAA
P-00022,2024-03-01,Nordics,Energy,3987441,2318978,359001,0.1548100068219707,0.3464037001800755,Coastal Mutual,Health,0.437,5809770,USD,3987441.0,2318978.0,359001.0,AAA
P-00023,2024-03-01,Caribbean,Motor,3329174,2691219,806472,0.2996679200020511,0.7550605495191789,Aspire Re,Operational,1.054,3576467,EUR,3628799.66,2933428.7100000004,879054.4800000001,AA+
P-00024,2024-02-01,North America,Marine,3893514,3396291,546454,0.16089728471441345,0.35057654637956415,Africa Re,Agriculture,0.379,5428080,EUR,4243930.260000001,3701957.1900000004,595634.86,AA+
P-00025,2024-04-01,Caribbean,Property,3866257,2547559,2418956,0.9495191279181365,1.3009460886568356,SCOR,Agriculture,0.579,3661004,EUR,4214220.13,2776839.31,2636662.04,AA+
P-00026,2024-03-01,Africa,Agriculture,251012,167831,78448,0.46742258581549295,0.9381217918652557,Acentria Reinsurance,Market,0.618,278655,KES,1832.3876,1225.1663,572.6704,BBB
P-00027,2024-01-01,Africa,Property,7806583,4879830,4679521,0.9589516438072638,1.35,Hollard Re,Weather,1.08,8425767,EUR,8509175.47,5319014.7,5100677.890000001,AA+
P-00028,2024-03-01,Caribbean,Energy,3950836,2242125,1712953,0.7639863968333612,0.8445640150898461,Kenya Reinsurance Corporation,Weather,0.37,4183023,KES,28841.1028,16367.5125,12504.5569,BBB
P-00029,2024-02-01,Latin America,Energy,2554950,2085362,1227116,0.5884426780578145,0.8883763530690549,Partner Re,Weather,0.549,3288453,USD,2554950.0,2085362.0,1227116.0,AAA
P-00030,2024-01-01,Africa,Energy,6748240,4441869,3407932,0.7672292901929345,1.1428126802367558,Hollard Re,Operational,1.348,8459790,USD,6748240.0,4441869.0,3407932.0,AAA
P-00031,2024-04-01,Asia Pacific,Engineering,2083277,1721548,1166342,0.6774960674927449,0.8724151863108075,Hollard Re,Political,1.003,2290501,USD,2083277.0,1721548.0,1166342.0,AAA
P-00032,2024-03-01,Caribbean,Accident & Health,5068133,4134992,1659149,0.4012459999922612,0.7848740630828477,Munich Re,Liability,1.151,5185564,EUR,5524264.970000001,4507141.28,1808472.4100000001,AA+
P-00033,2024-04-01,Caribbean,Motor,4732280,4027699,1654239,0.410715646824651,0.473974922808184,Hannover Re,Operational,0.654,5050482,USD,4732280.0,4027699.0,1654239.0,AAA
P-00034,2024-04-01,Kenya,Property,583558,385097,226912,0.5892333619841235,0.9837528057948401,Munich Re,Weather,0.509,701725,EUR,636078.2200000001,419755.73000000004,247334.08000000002,AA+
P-00035,2024-03-01,Africa,Liability,5468217,4485762,2657625,0.5924578700341213,0.7334849112655693,AgriProtect,Health,0.627,6470643,KES,39917.9841,32746.0626,19400.6625,BBB
P-00036,2024-04-01,Nordics,Marine,3052278,2432827,249473,0.10254448836682592,0.5782178521100906,Kenya Reinsurance Corporation,Liability,0.567,2984261,KES,22281.6294,17759.6371,1821.1529,BBB
P-00037,2024-02-01,Kenya,Liability,5221357,4412997,532861,0.12074809930756808,0.44407735883191385,Partner Re,Weather,0.734,7170955,USD,5221357.0,4412997.0,532861.0,AAA
P-00038,2024-02-01,Caribbean,Energy,3372249,2390345,783347,0.3277129452024708,0.677615141076015,Africa Re,Health,0.438,4409944,KES,24617.4177,17449.518500000002,5718.4331,BBB
P-00039,2024-01-01,Middle East & Africa,Liability,1008789,794700,415962,0.5234201585503964,0.5961835639243487,Munich Re,Health,0.529,1298269,KES,7364.1597,5801.31,3036.5226000000002,BBB
P-00040,2024-02-01,Africa,Property,2368864,1662794,1043095,0.6273146282702488,1.0853624988737542,SCOR,Weather,0.757,2550405,KES,17292.7072,12138.3962,7614.5935,BBB
P-00041,2024-03-01,Asia Pacific,Marine,7801591,5492223,4517447,0.8225170390932779,0.9480772482232973,Old Mutual Re Africa,Market,0.804,8894908,EUR,8503734.190000001,5986523.07,4924017.23,AA+
P-00042,2024-02-01,Nordics,Liability,1385510,1217140,254727,0.20928323775407923,0.26006285930626155,Hannover Re,Weather,1.164,1917822,KES,10114.223,8885.122,1859.5071,BBB
P-00043,2024-04-01,Africa,Energy,4260215,2880314,745902,0.25896551556531683,0.4331513232295583,Africa Re,Nat Cat,0.568,4513669,USD,4260215.0,2880314.0,745902.0,AAA
P-00044,2024-02-01,Kenya,Marine,380814,212571,155788,0.7328751334848121,0.7851623307132187,Acentria Reinsurance,Nat Cat,0.971,508663,KES,2779.9422,1551.7683,1137.2524,BBB
P-00045,2024-04-01,Nordics,Motor,6821635,4998581,2927290,0.585624200148002,0.7397441215249274,SCOR,Nat Cat,1.124,8576068,EUR,7435582.15,5448453.29,3190746.1,AA+
P-00046,2024-04-01,Middle East & Africa,Liability,7729976,6051576,3135953,0.5182043487514657,0.8754867773097781,Hollard Re,Cyber,0.649,10769637,EUR,8425673.84,6596217.840000001,3418188.77,AA+
P-00047,2024-02-01,Australia & Pacific,Energy,7336007,4363963,3195970,0.732354971845545,1.1791242002745261,Coastal Mutual,Market,0.814,10436657,EUR,7996247.630000001,4756719.67,3483607.3000000003,AA+
P-00048,2024-03-01,Kenya,Motor,820682,573605,510645,0.8902380558049529,1.025761490662839,Hannover Re,Nat Cat,1.244,943103,USD,820682.0,573605.0,510645.0,AAA
P-00049,2024-04-01,Asia Pacific,Agriculture,7474835,4130093,1346224,0.3259548876986547,0.7175568874366102,Swiss Re,Nat Cat,1.092,10049263,EUR,8147570.15,4501801.37,1467384.1600000001,AA+
P-00050,2024-04-01,Caribbean,Engineering,5652847,3136645,1337697,0.42647382792761057,0.8852810661166377,SCOR,Liability,1.298,6169958,KES,41265.7831,22897.5085,9765.1881,BBB
P-00051,2024-02-01,Latin America,Liability,4292255,3681805,572906,0.155604655868521,0.40305182081012936,Old Mutual Re Africa,Weather,1.119,3920810,EUR,4678557.95,4013167.45,624467.54,AA+
P-00052,2024-03-01,Middle East & Africa,Engineering,6265647,3662411,1700575,0.46433210254119484,0.5780190807116664,Swiss Re,Cyber,1.202,8609678,KES,45739.2231,26735.600300000002,12414.1975,BBB
P-00053,2024-01-01,North America,Marine,3681118,3121371,899614,0.2882111738719941,0.6951179574791991,AgriProtect,Weather,0.863,3480191,EUR,4012418.62,3402294.39,980579.2600000001,AA+
P-00054,2024-03-01,Australia & Pacific,Property,4134891,3582633,1122303,0.31326206172945986,0.7005863370922943,Hollard Re,Cyber,1.164,4463241,EUR,4507031.19,3905069.97,1223310.27,AA+
P-00055,2024-02-01,Africa,Agriculture,4534137,3139508,1141037,0.36344452697683843,0.6256739176123738,Hannover Re,Nat Cat,1.042,6073333,EUR,4942209.33,3422063.72,1243730.33,AA+
P-00056,2024-03-01,Latin America,Energy,816223,564870,442875,0.7840299537946784,0.8607052806497975,Hollard Re,Market,0.416,1193492,USD,816223.0,564870.0,442875.0,AAA
P-00057,2024-03-01,North America,Energy,7566750,5398778,3147293,0.5829639596219737,0.9643307044305601,Swiss Re,Cyber,1.156,10018699,USD,7566750.0,5398778.0,3147293.0,AAA
P-00058,2024-02-01,Nordics,Motor,3806738,2669859,1567936,0.5872729608567344,0.8692460218622526,Acentria Reinsurance,Market,1.186,4533331,USD,3806738.0,2669859.0,1567936.0,AAA
P-00059,2024-01-01,Kenya,Agriculture,1306740,839789,313179,0.37292581827101806,0.5688030794316906,Aspire Re,Health,0.747,1938910,EUR,1424346.6,915370.01,341365.11000000004,AA+
P-00060,2024-01-01,North America,Marine,3643310,2886535,2113964,0.7323534964932004,1.1182617237666297,Old Mutual Re Africa,Weather,0.374,4889718,EUR,3971207.9000000004,3146323.1500000004,2304220.7600000002,AA+
P-00061,2024-01-01,Africa,Motor,2336863,1425323,339149,0.23794536396311572,0.652116396226263,Metro Insurers Ltd,Weather,0.407,2274984,KES,17059.0999,10404.8579,2475.7877,BBB
P-00062,2024-04-01,Middle East & Africa,Agriculture,3144893,2203885,1842483,0.8360159445706106,1.2056540189255538,Coastal Mutual,Nat Cat,0.46,3944595,USD,3144893.0,2203885.0,1842483.0,AAA
P-00063,2024-02-01,Asia Pacific,Property,58581,35579,18030,0.5067596053851992,0.690376213078641,Hollard Re,Weather,0.467,82864,EUR,63853.29000000001,38781.11,19652.7,AA+
P-00064,2024-01-01,Asia Pacific,Agriculture,7752035,6609526,975811,0.14763706202229934,0.32241457442630805,SCOR,Agriculture,0.987,10912625,USD,7752035.0,6609526.0,975811.0,AAA
P-00065,2024-04-01,Caribbean,Accident & Health,1308753,1121698,229874,0.2049339483533001,0.37755999317474714,SCOR,Market,1.155,1320419,USD,1308753.0,1121698.0,229874.0,AAA
P-00066,2024-03-01,Middle East & Africa,Marine,2686019,1766181,908984,0.5146607284304383,0.9652502033515491,Hannover Re,Political,0.78,3316507,USD,2686019.0,1766181.0,908984.0,AAA
P-00067,2024-04-01,Latin America,Property,3139499,2210567,1272260,0.5755355978805438,0.8390807656055985,Metro Insurers Ltd,Market,0.44,2945806,USD,3139499.0,2210567.0,1272260.0,AAA
P-00068,2024-04-01,Africa,Agriculture,7205949,4947316,3718377,0.7515948041321799,1.093188444390422,Partner Re,Cyber,0.658,8764498,KES,52603.4277,36115.4068,27144.1521,BBB
P-00069,2024-03-01,Middle East & Africa,Energy,5681336,3227188,593173,0.183804910033131,0.39626136355605546,Metro Insurers Ltd,Agriculture,0.516,7263668,USD,5681336.0,3227188.0,593173.0,AAA
P-00070,2024-02-01,Latin America,Energy,1203894,918685,733157,0.7980504743192716,0.8604412430744312,Kenya Reinsurance Corporation,Operational,0.949,1472746,EUR,1312244.4600000002,1001366.65,799141.13,AA+
P-00071,2024-01-01,Africa,Accident & Health,7217637,4433387,2119189,0.47800676999323544,0.8109628351256701,Hannover Re,Liability,0.888,10644066,KES,52688.7501,32363.7251,15470.0797,BBB
P-00072,2024-01-01,Nordics,Marine,3907585,2776647,1409563,0.5076493338908403,0.8046548749604692,AgriProtect,Operational,0.71,5639192,KES,28525.3705,20269.5231,10289.8099,BBB
P-00073,2024-04-01,North America,Engineering,3203850,2015208,1056472,0.5242496059960063,0.6102632575769055,Kenya Reinsurance Corporation,Nat Cat,1.324,3096666,EUR,3492196.5000000005,2196576.72,1151554.48,AA+
P-00074,2024-04-01,Australia & Pacific,Agriculture,6085586,4241022,1471727,0.347021779184357,0.5665336299675543,Hollard Re,Political,0.672,7924841,KES,44424.7778,30959.4606,10743.6071,BBB
P-00075,2024-03-01,Asia Pacific,Marine,5565661,4592877,850699,0.18522137649233802,0.6221061130241167,Old Mutual Re Africa,Political,0.374,5270676,EUR,6066570.49,5006235.930000001,927261.91,AA+
P-00076,2024-01-01,Middle East & Africa,Agriculture,4094298,2871754,1943807,0.6768709993961879,0.9482601940351345,Hannover Re,Liability,0.994,3846279,KES,29888.3754,20963.8042,14189.7911,BBB
P-00077,2024-02-01,Africa,Motor,3167617,2160417,341589,0.15811253105303283,0.3492855680960625,Swiss Re,Health,0.959,4487934,KES,23123.6041,15771.044100000001,2493.5997,BBB
P-00078,2024-04-01,Asia Pacific,Accident & Health,1383814,1027570,596857,0.5808431542376675,1.0060380424265687,Hannover Re,Nat Cat,1.166,1508247,USD,1383814.0,1027570.0,596857.0,AAA
P-00079,2024-01-01,Australia & Pacific,Accident & Health,1894824,1372579,313666,0.22852309411698707,0.5347661428933705,AgriProtect,Liability,0.548,2518260,EUR,2065358.1600000001,1496111.11,341895.94,AA+
P-00080,2024-04-01,Asia Pacific,Motor,3052331,2485018,1951497,0.785304975658124,0.8798044448557258,Munich Re,Operational,0.662,3133876,EUR,3327040.79,2708669.62,2127131.73,AA+
P-00081,2024-02-01,Nordics,Accident & Health,6268078,3518093,1629907,0.4632927554786073,0.8678876749058653,AgriProtect,Health,0.452,8587645,KES,45756.9694,25682.0789,11898.3211,BBB
P-00082,2024-03-01,Australia & Pacific,Property,4992215,3146509,2647753,0.8414890915614733,1.2181495802309787,Partner Re,Operational,1.223,6437208,EUR,5441514.350000001,3429694.81,2886050.77,AA+
P-00083,2024-02-01,Caribbean,Marine,3287797,2198397,607278,0.27623673067239446,0.5825359485733814,Acentria Reinsurance,Nat Cat,0.912,4624680,EUR,3583698.7300000004,2396252.73,661933.02,AA+
P-00084,2024-03-01,North America,Marine,6857453,6220604,806604,0.12966650826832893,0.6053160585154505,Africa Re,Liability,0.504,8128852,KES,50059.4069,45410.4092,5888.2092,BBB
P-00085,2024-04-01,Nordics,Energy,7300888,4963394,1215013,0.24479479162847037,0.5670239357562918,Swiss Re,Nat Cat,1.331,10946285,EUR,7957967.920000001,5410099.46,1324364.1700000002,AA+
P-00086,2024-01-01,Europe,Accident & Health,5471374,4969434,2460712,0.4951694700040286,0.7762084267768763,Aspire Re,Agriculture,0.445,5795904,KES,39941.0302,36276.8682,17963.1976,BBB
P-00087,2024-03-01,Kenya,Property,7281793,4495983,4169097,0.9272937642335392,1.3436715693393735,Metro Insurers Ltd,Agriculture,0.484,10466371,KES,53157.0889,32820.6759,30434.4081,BBB
P-00088,2024-02-01,Caribbean,Agriculture,5650862,4746974,1093250,0.2303046108952777,0.5498658161644938,Old Mutual Re Africa,Weather,0.971,7722105,EUR,6159439.58,5174201.66,1191642.5,AA+
P-00089,2024-03-01,Europe,Liability,415508,376406,198014,0.5260649405163573,0.9650585167781893,Coastal Mutual,Health,1.342,419912,USD,415508.0,376406.0,198014.0,AAA
P-00090,2024-01-01,Asia Pacific,Motor,2155679,1581100,969155,0.6129624944658781,0.9119895599675385,AgriProtect,Political,0.421,2328830,USD,2155679.0,1581100.0,969155.0,AAA
P-00091,2024-02-01,Middle East & Africa,Engineering,7287293,6031922,1461014,0.24221367583997272,0.655378824132206,Kenya Reinsurance Corporation,Nat Cat,0.627,9485776,KES,53197.238900000004,44033.0306,10665.4022,BBB
P-00092,2024-04-01,Africa,Agriculture,1679737,991946,584662,0.5894091008986376,0.6785882984769674,Munich Re,Cyber,0.565,1785130,KES,12262.0801,7241.2058,4268.0326000000005,BBB
P-00093,2024-04-01,Asia Pacific,Marine,7567707,4433536,3326434,0.7502891597136011,1.226165936951126,Acentria Reinsurance,Market,1.093,7911362,EUR,8248800.630000001,4832554.24,3625813.06,AA+
P-00094,2024-04-01,Europe,Engineering,86053,57707,38804,0.6724314207981701,0.8445678279226745,Swiss Re,Weather,0.953,99763,EUR,93797.77,62900.630000000005,42296.36,AA+
P-00095,2024-01-01,Latin America,Energy,2632964,1699605,1233726,0.7258898391096755,1.1086208639231248,Africa Re,Liability,1.203,3006450,KES,19220.6372,12407.1165,9006.1998,BBB
P-00096,2024-02-01,Africa,Liability,3521034,2789387,1865362,0.6687354605151598,0.8511330094009708,Hollard Re,Health,1.125,4054729,EUR,3837927.06,3040431.83,2033244.58,AA+
P-00097,2024-01-01,Nordics,Property,4228354,2712359,2694554,0.9934356034728441,1.35,Swiss Re,Weather,1.201,5612096,EUR,4608905.86,2956471.31,2937063.8600000003,AA+
P-00098,2024-01-01,Middle East & Africa,Engineering,7853338,4921050,2966160,0.6027494132349803,0.7581715571384524,AgriProtect,Weather,0.38,8989825,USD,7853338.0,4921050.0,2966160.0,AAA
P-00099,2024-03-01,Europe,Marine,1856041,1331453,949309,0.7129872402555704,0.7920588541511563,Aspire Re,Cyber,0.946,1976131,USD,1856041.0,1331453.0,949309.0,AAA
P-00100,2024-03-01,Europe,Energy,306322,227104,107221,0.47212290404396223,0.7355055575910044,Africa Re,Weather,0.442,423236,EUR,333890.98000000004,247543.36000000002,116870.89000000001,AA+
P-00101,2024-04-01,Africa,Energy,6412283,4414061,3044333,0.6896898343724747,1.0225160453307818,Hannover Re,Weather,0.477,7666137,USD,6412283.0,4414061.0,3044333.0,AAA
P-00102,2024-03-01,Kenya,Motor,3412566,2482237,1880905,0.7577459364275047,1.1713077205685183,Swiss Re,Cyber,0.934,4777513,USD,3412566.0,2482237.0,1880905.0,AAA
P-00103,2024-02-01,Asia Pacific,Motor,5078200,3805781,2797094,0.7349592632891908,0.8930274232138314,Swiss Re,Nat Cat,0.548,6477841,EUR,5535238.0,4148301.2900000005,3048832.4600000004,AA+
P-00104,2024-04-01,Africa,Marine,7393937,5830133,1189067,0.20395195101038005,0.6293906469019602,Swiss Re,Liability,0.455,7855792,USD,7393937.0,5830133.0,1189067.0,AAA
P-00105,2024-03-01,Middle East & Africa,Engineering,6050652,3371289,662391,0.19648004072032982,0.36490822324349226,AgriProtect,Weather,0.7,7454012,EUR,6595210.680000001,3674705.0100000002,722006.1900000001,AA+
P-00106,2024-04-01,Latin America,Liability,5647401,3961624,1810577,0.45702898609257214,0.9164533926979458,Partner Re,Nat Cat,1.17,6415693,USD,5647401.0,3961624.0,1810577.0,AAA
P-00107,2024-01-01,Africa,Engineering,915587,634970,358944,0.5652928484810306,0.7722500017328757,Acentria Reinsurance,Agriculture,0.838,1124263,EUR,997989.8300000001,692117.3,391248.96,AA+
P-00108,2024-03-01,Africa,Property,5835299,3853347,3487722,0.9051149559071633,1.2554030337397337,Acentria Reinsurance,Agriculture,0.595,7491680,EUR,6360475.91,4200148.23,3801616.9800000004,AA+
P-00109,2024-02-01,Australia & Pacific,Property,490246,341708,173585,0.5079922038699709,0.9327977400515173,Hannover Re,Agriculture,1.298,641283,KES,3578.7958,2494.4684,1267.1705,BBB
P-00110,2024-02-01,Kenya,Accident & Health,480937,305832,252564,0.8258259436553402,0.9927245962354374,Hannover Re,Health,1.146,470256,KES,3510.8401,2232.5736,1843.7172,BBB
P-00111,2024-02-01,Asia Pacific,Property,6772812,5326152,1884727,0.3538627887450452,0.49438406227942133,Hollard Re,Nat Cat,0.966,6260276,KES,49441.5276,38880.9096,13758.5071,BBB
P-00112,2024-01-01,Africa,Property,6399962,4624648,3471919,0.7507423267673561,1.2301296069970513,Metro Insurers Ltd,Political,0.581,6987296,USD,6399962.0,4624648.0,3471919.0,AAA
P-00113,2024-04-01,Australia & Pacific,Liability,2307481,1618457,605225,0.37395185661404656,0.7036392577784563,Coastal Mutual,Cyber,0.796,3382398,USD,2307481.0,1618457.0,605225.0,AAA
P-00114,2024-02-01,Kenya,Engineering,2907785,1940261,413046,0.212881669012571,0.6544027207769543,Acentria Reinsurance,Operational,0.74,3925445,KES,21226.8305,14163.9053,3015.2358,BBB
P-00115,2024-01-01,Australia & Pacific,Motor,2671225,2034440,360560,0.1772281315742907,0.31308757572263596,Acentria Reinsurance,Weather,1.167,3610488,KES,19499.9425,14851.412,2632.088,BBB
P-00116,2024-01-01,Middle East & Africa,Agriculture,5915720,5307625,674599,0.12709997409387438,0.378183297780887,Swiss Re,Market,0.54,6214980,EUR,6448134.800000001,5785311.25,735312.91,AA+
P-00117,2024-01-01,Nordics,Accident & Health,2718642,1602639,853211,0.5323787827452097,0.6244309643392908,Africa Re,Political,0.892,3810923,EUR,2963319.7800000003,1746876.5100000002,929999.9900000001,AA+
P-00118,2024-01-01,Middle East & Africa,Energy,54235,42615,23979,0.5626891939457938,0.86205003947867,Acentria Reinsurance,Cyber,0.431,66823,USD,54235.0,42615.0,23979.0,AAA
P-00119,2024-04-01,Asia Pacific,Engineering,7658021,6397165,2454008,0.38360867665598747,0.8556977036909597,Africa Re,Weather,1.169,10157317,EUR,8347242.890000001,6972909.850000001,2674868.72,AA+
P-00120,2024-03-01,Middle East & Africa,Engineering,4309101,3385934,2693088,0.7953752199540807,0.8596265703656135,Africa Re,Weather,0.384,4047918,KES,31456.4373,24717.3182,19659.5424,BBB
P-00121,2024-01-01,Middle East & Africa,Motor,6519107,5984537,2405553,0.4019614215769741,0.5717753822431526,Metro Insurers Ltd,Liability,1.128,7273225,USD,6519107.0,5984537.0,2405553.0,AAA
P-00122,2024-01-01,Australia & Pacific,Liability,4136735,2562547,1984711,0.7745071602589143,0.863405039268619,Munich Re,Health,1.294,4801054,USD,4136735.0,2562547.0,1984711.0,AAA
P-00123,2024-01-01,Africa,Marine,3508026,3191220,1164179,0.364806876367032,0.5657716106749979,Hannover Re,Health,1.27,4042838,EUR,3823748.3400000003,3478429.8000000003,1268955.11,AA+
P-00124,2024-02-01,Middle East & Africa,Accident & Health,7493860,5125836,1457683,0.28437956267036246,0.6094553705350928,Acentria Reinsurance,Health,1.013,7084753,USD,7493860.0,5125836.0,1457683.0,AAA
P-00125,2024-03-01,Europe,Liability,897463,568121,94307,0.16599808843538613,0.6093498770911616,Old Mutual Re Africa,Health,1.141,1257227,USD,897463.0,568121.0,94307.0,AAA
P-00126,2024-01-01,Europe,Agriculture,2199361,1411430,568323,0.4026575884032506,0.7028881252151717,Partner Re,Cyber,1.052,2199495,EUR,2397303.49,1538458.7000000002,619472.0700000001,AA+
P-00127,2024-04-01,Nordics,Property,2510502,1442604,619252,0.429259866186424,0.5396457092391437,Partner Re,Political,0.948,3496731,KES,18326.6646,10531.0092,4520.5396,BBB
P-00128,2024-04-01,Nordics,Motor,663471,591598,401257,0.6782595613913502,0.7842707724418523,SCOR,Weather,1.114,785807,EUR,723183.39,644841.8200000001,437370.13,AA+
P-00129,2024-01-01,Nordics,Marine,157786,119279,78254,0.6560584847290806,0.7234042554411266,Coastal Mutual,Weather,1.006,231888,EUR,171986.74000000002,130014.11000000002,85296.86,AA+
P-00130,2024-04-01,Latin America,Accident & Health,4631324,3648114,2497802,0.684683099267183,1.146246161296381,Partner Re,Market,0.619,5382489,EUR,5048143.16,3976444.2600000002,2722604.18,AA+
P-00131,2024-01-01,North America,Accident & Health,4326348,3819285,1214763,0.31806031757252995,0.5765798114929146,Partner Re,Agriculture,1.207,5064834,USD,4326348.0,3819285.0,1214763.0,AAA
P-00132,2024-02-01,Latin America,Property,6000768,4447959,1687105,0.379298685082304,0.8362667820117504,Acentria Reinsurance,Political,1.245,6010767,KES,43805.6064,32470.1007,12315.8665,BBB
P-00133,2024-03-01,Asia Pacific,Liability,7870760,5603190,1185378,0.2115541325566329,0.6156067519801369,Hollard Re,Agriculture,1.25,7388856,KES,57456.548,40903.287000000004,8653.2594,BBB
P-00134,2024-03-01,Caribbean,Liability,1745731,1049301,1072199,1.0218221463621973,1.2850872840328225,Munich Re,Nat Cat,1.118,2404535,EUR,1902846.79,1143738.09,1168696.9100000001,AA+
P-00135,2024-03-01,Africa,Agriculture,1115516,861922,89888,0.10428785899420133,0.3305111399040116,Hannover Re,Health,0.652,1480881,KES,8143.2668,6292.0306,656.1824,BBB
P-00136,2024-04-01,Latin America,Energy,450823,344914,212937,0.6173625889352128,0.9119988821173948,Hannover Re,Cyber,0.893,431967,KES,3291.0079,2517.8722000000002,1554.4401,BBB
P-00137,2024-01-01,Middle East & Africa,Engineering,4405881,3620367,1948914,0.538319457668242,0.9572866300095031,Acentria Reinsurance,Liability,1.203,4057789,KES,32162.9313,26428.6791,14227.0722,BBB
P-00138,2024-01-01,Kenya,Marine,402496,238903,216874,0.9077910281578716,1.1390988261758104,Acentria Reinsurance,Liability,1.069,477323,KES,2938.2208,1743.9919,1583.1802,BBB
P-00139,2024-03-01,Caribbean,Engineering,3663812,3173127,2052330,0.6467847016523448,0.9533940146354709,Coastal Mutual,Market,0.698,5466708,KES,26745.8276,23163.8271,14982.009,BBB
P-00140,2024-03-01,Kenya,Marine,69434,46955,15428,0.3285699073581088,0.7067244053305843,SCOR,Operational,0.781,85390,USD,69434.0,46955.0,15428.0,AAA
P-00141,2024-02-01,Caribbean,Agriculture,4071077,3227425,599322,0.1856966467075145,0.6364505025333795,Hannover Re,Liability,0.897,3888991,USD,4071077.0,3227425.0,599322.0,AAA
P-00142,2024-02-01,North America,Motor,2326642,1489271,692766,0.4651712146412574,0.860372403226106,Aspire Re,Nat Cat,0.735,2639142,KES,16984.4866,10871.6783,5057.1918,BBB
P-00143,2024-02-01,Caribbean,Energy,246287,209040,146781,0.7021670493685419,0.824265469296511,Coastal Mutual,Political,1.073,282157,KES,1797.8951,1525.992,1071.5013,BBB
P-00144,2024-03-01,Caribbean,Property,2578815,1584896,346287,0.21849193890324664,0.5746995830277016,Coastal Mutual,Nat Cat,0.529,3638744,EUR,2810908.35,1727536.6400000001,377452.83,AA+
P-00145,2024-02-01,Nordics,Energy,2670765,2020759,300732,0.14882130922094125,0.4210962749125561,Swiss Re,Weather,0.869,3097141,KES,19496.5845,14751.5407,2195.3436,BBB
P-00146,2024-02-01,Australia & Pacific,Liability,2486588,2039712,517664,0.2537926923016583,0.3603594400620114,AgriProtect,Nat Cat,0.409,2721436,EUR,2710380.9200000004,2223286.08,564253.76,AA+
P-00147,2024-04-01,Asia Pacific,Liability,6547428,4592949,1385874,0.3017394706538218,0.3690901910657546,Metro Insurers Ltd,Operational,0.788,8145650,EUR,7136696.5200000005,5006314.41,1510602.6600000001,AA+
P-00148,2024-01-01,North America,Energy,6398226,5351963,815963,0.1524605084153235,0.43491337851621076,Metro Insurers Ltd,Operational,1.238,6266523,USD,6398226.0,5351963.0,815963.0,AAA
P-00149,2024-02-01,Africa,Property,1309962,826245,572227,0.692563343802383,1.129199994191569,SCOR,Operational,0.947,1946149,USD,1309962.0,826245.0,572227.0,AAA
P-00150,2024-04-01,Europe,Liability,2002235,1254856,617661,0.49221663680932315,0.7651072642436078,Metro Insurers Ltd,Cyber,0.464,2150922,EUR,2182436.1500000004,1367793.04,673250.4900000001,AA+
P-00151,2024-02-01,Nordics,Energy,6155291,4914647,3201439,0.6514077206358869,0.9518482113069491,Munich Re,Political,0.88,7257092,USD,6155291.0,4914647.0,3201439.0,AAA
P-00152,2024-02-01,Nordics,Motor,5683470,4924225,1114022,0.22623296051662953,0.5574620941499037,Hannover Re,Operational,1.302,7043412,KES,41489.331,35946.8425,8132.3606,BBB
P-00153,2024-04-01,North America,Energy,4755437,3452417,2606530,0.7549870134459423,0.9044420486140826,Acentria Reinsurance,Cyber,1.281,4629690,KES,34714.6901,25202.6441,19027.669,BBB
P-00154,2024-04-01,Caribbean,Marine,6856217,3864028,1054771,0.27297188322651905,0.49788974740909575,Coastal Mutual,Liability,1.183,9621300,KES,50050.3841,28207.4044,7699.8283,BBB
P-00155,2024-02-01,Latin America,Liability,205922,161745,63181,0.39062103929024083,0.7014685715450143,Hannover Re,Health,1.155,295641,KES,1503.2306,1180.7385,461.2213,BBB
P-00156,2024-01-01,Australia & Pacific,Accident & Health,7803827,4749658,4041407,0.8508837899486658,1.2037106659788033,Hannover Re,Political,0.817,9497551,KES,56967.9371,34672.5034,29502.2711,BBB
P-00157,2024-03-01,Nordics,Agriculture,5015104,2761940,1501447,0.5436204262221482,0.8597902215851214,Swiss Re,Liability,0.904,5844902,EUR,5466463.36,3010514.6,1636577.2300000002,AA+
P-00158,2024-01-01,Asia Pacific,Agriculture,3013313,2207202,868980,0.39370207167264254,0.6835019206772588,Old Mutual Re Africa,Operational,1.318,4086106,KES,21997.1849,16112.5746,6343.554,BBB
P-00159,2024-03-01,Australia & Pacific,Energy,2156145,1767284,757654,0.4287109485515627,0.6275787606969478,Africa Re,Political,0.633,2910097,EUR,2350198.0500000003,1926339.56,825842.8600000001,AA+
P-00160,2024-01-01,Australia & Pacific,Property,1745688,1373906,196571,0.14307456259744117,0.20851842391936443,Hannover Re,Cyber,1.167,2125690,KES,12743.5224,10029.5138,1434.9683,BBB
P-00161,2024-01-01,Asia Pacific,Engineering,3678360,2912664,1014775,0.34840098274294595,0.5842057215248241,Aspire Re,Weather,1.306,4942336,USD,3678360.0,2912664.0,1014775.0,AAA
P-00162,2024-03-01,Africa,Energy,7152701,5398472,1943018,0.35991999217556375,0.49384548149191604,Hannover Re,Health,0.459,8179153,USD,7152701.0,5398472.0,1943018.0,AAA
P-00163,2024-01-01,Middle East & Africa,Motor,5777329,3525453,1641124,0.4655072695622378,0.6027104513799694,Partner Re,Agriculture,0.643,5537210,KES,42174.5017,25735.8069,11980.2052,BBB
P-00164,2024-03-01,Kenya,Energy,4292317,2681805,2280800,0.8504719768961576,1.1624734858662822,Swiss Re,Agriculture,1.348,5047961,USD,4292317.0,2681805.0,2280800.0,AAA
P-00165,2024-02-01,Asia Pacific,Engineering,666038,394561,78865,0.19988037337699366,0.3542400954109483,AgriProtect,Nat Cat,1.328,644159,USD,666038.0,394561.0,78865.0,AAA
P-00166,2024-01-01,Kenya,Property,6922001,6359324,3051972,0.47992082177288026,0.6063821201864672,Hollard Re,Political,0.6,9602277,USD,6922001.0,6359324.0,3051972.0,AAA
P-00167,2024-02-01,Africa,Marine,4161195,2807666,612202,0.21804659101189386,0.5785379331936467,Kenya Reinsurance Corporation,Market,1.192,4074500,USD,4161195.0,2807666.0,612202.0,AAA
P-00168,2024-01-01,Australia & Pacific,Marine,1579813,1291049,973585,0.7541038333943948,1.0349145307485403,Metro Insurers Ltd,Weather,0.7,2289757,EUR,1721996.1700000002,1407243.4100000001,1061207.6500000001,AA+
P-00169,2024-01-01,Caribbean,Liability,5226984,3768680,1391589,0.3692510374985406,0.6860918934796627,Munich Re,Market,1.34,5491800,USD,5226984.0,3768680.0,1391589.0,AAA
P-00170,2024-04-01,Middle East & Africa,Marine,7223763,4439400,4194929,0.9449315222777853,1.1298281836867665,Coastal Mutual,Weather,0.483,8742958,KES,52733.469900000004,32407.62,30622.9817,BBB
P-00171,2024-02-01,Nordics,Energy,2639098,1819096,1016022,0.5585312704772041,0.8486554976059923,Africa Re,Market,0.977,3146733,USD,2639098.0,1819096.0,1016022.0,AAA
P-00172,2024-02-01,Europe,Motor,2484220,1564854,1161054,0.7419567576272291,0.8624374017751605,AgriProtect,Agriculture,0.943,3419852,EUR,2707799.8000000003,1705690.86,1265548.86,AA+
P-00173,2024-01-01,Caribbean,Agriculture,6830782,3915759,2486954,0.6351141630524249,1.0016779437202412,Swiss Re,Liability,0.641,7249576,KES,49864.7086,28585.0407,18154.7642,BBB
P-00174,2024-04-01,Latin America,Energy,3003932,2327184,1571066,0.6750931598017175,0.9097275783248673,Kenya Reinsurance Corporation,Market,0.785,3050851,KES,21928.7036,16988.4432,11468.7818,BBB
P-00175,2024-03-01,Africa,Liability,6789939,4405458,3567346,0.8097559890481307,1.1111975250747046,Partner Re,Cyber,1.033,6170680,USD,6789939.0,4405458.0,3567346.0,AAA
P-00176,2024-02-01,North America,Accident & Health,7440777,6591818,1830170,0.27764267763460704,0.5196088204621792,Kenya Reinsurance Corporation,Market,1.177,10925713,USD,7440777.0,6591818.0,1830170.0,AAA
P-00177,2024-04-01,Caribbean,Motor,7947102,6459801,823157,0.12742760961212274,0.4091866208102064,Africa Re,Cyber,0.687,10028401,KES,58013.844600000004,47156.5473,6009.0461000000005,BBB
P-00178,2024-02-01,Middle East & Africa,Marine,1912142,1079830,472646,0.4377040830501097,0.8670925658941125,Acentria Reinsurance,Political,1.233,1783002,USD,1912142.0,1079830.0,472646.0,AAA
P-00179,2024-01-01,Caribbean,Motor,5817042,5297088,2197039,0.4147635455555958,0.5336584872438856,Acentria Reinsurance,Market,0.756,6065139,KES,42464.4066,38668.7424,16038.3847,BBB
P-00180,2024-01-01,Latin America,Property,7519984,4615754,1555686,0.3370383256993332,0.6705291606632298,AgriProtect,Weather,0.871,7349382,EUR,8196782.5600000005,5031171.86,1695697.7400000002,AA+
P-00181,2024-01-01,Middle East & Africa,Agriculture,2890011,1999539,666929,0.33354138128838695,0.41726114503131584,Munich Re,Cyber,0.76,3524884,KES,21097.0803,14596.6347,4868.5817,BBB
P-00182,2024-02-01,Asia Pacific,Agriculture,6553601,4560083,3157545,0.6924314754797226,0.7925455606841525,Swiss Re,Market,1.214,8676382,KES,47841.2873,33288.6059,23050.0785,BBB
P-00183,2024-04-01,Asia Pacific,Accident & Health,7434302,6822169,1916556,0.2809305955334733,0.3843843785408127,Swiss Re,Market,0.465,8190184,EUR,8103389.180000001,7436164.210000001,2089046.04,AA+
P-00184,2024-04-01,Caribbean,Engineering,4374374,2629425,1503752,0.571893855120416,0.7242952179518567,Hollard Re,Operational,1.225,5596773,USD,4374374.0,2629425.0,1503752.0,AAA
P-00185,2024-04-01,Caribbean,Engineering,7222614,4303160,888283,0.20642574294239582,0.43730780804472036,Africa Re,Agriculture,0.512,6732991,USD,7222614.0,4303160.0,888283.0,AAA
P-00186,2024-03-01,Europe,Property,235317,136514,76925,0.5634953191614047,0.9331214875045921,AgriProtect,Operational,1.144,261805,EUR,256495.53000000003,148800.26,83848.25,AA+
P-00187,2024-02-01,Caribbean,Property,2056623,1539156,848231,0.5511013828357879,0.9178056843896161,Aspire Re,Market,0.795,2483506,KES,15013.3479,11235.8388,6192.0863,BBB
P-00188,2024-01-01,Kenya,Accident & Health,1986758,1689541,914555,0.5413038215704739,0.896496358102109,Swiss Re,Operational,0.793,2136956,KES,14503.3334,12333.649300000001,6676.2515,BBB
P-00189,2024-03-01,Latin America,Property,2712201,1926450,1097557,0.5697303329959251,0.875236669211449,AgriProtect,Political,0.46,3503636,USD,2712201.0,1926450.0,1097557.0,AAA
P-00190,2024-01-01,Caribbean,Accident & Health,1695424,961729,302675,0.3147196351570973,0.47149385019837714,Swiss Re,Operational,0.511,1586626,KES,12376.5952,7020.6217,2209.5275,BBB
P-00191,2024-03-01,Middle East & Africa,Liability,6824167,5474100,1542310,0.2817467711587293,0.4435495233800786,Munich Re,Operational,0.818,8687756,EUR,7438342.03,5966769.0,1681117.9000000001,AA+
P-00192,2024-03-01,Australia & Pacific,Marine,4997407,4065901,2956474,0.7271387080010064,1.056143658911156,Hannover Re,Weather,0.417,7454389,KES,36481.0711,29681.0773,21582.2602,BBB
P-00193,2024-04-01,Latin America,Agriculture,6338765,5260744,1948541,0.3703926668927437,0.43248965094869385,Hannover Re,Market,0.414,7367440,EUR,6909253.850000001,5734210.96,2123909.69,AA+
P-00194,2024-02-01,Europe,Marine,6228742,3952092,2127289,0.5382690989987076,0.9762996195445979,Old Mutual Re Africa,Agriculture,0.807,6820573,USD,6228742.0,3952092.0,2127289.0,AAA
P-00195,2024-04-01,Nordics,Motor,259210,191375,33960,0.17745264532984978,0.4005396372599899,Hollard Re,Liability,0.596,380103,KES,1892.233,1397.0375,247.90800000000002,BBB
P-00196,2024-02-01,Africa,Property,1503221,963417,926763,0.9619541693783689,1.0773061738136305,SCOR,Cyber,1.091,2036308,EUR,1638510.8900000001,1050124.53,1010171.67,AA+
P-00197,2024-03-01,Caribbean,Marine,688005,534833,92218,0.17242391550259614,0.5432963466704875,Hannover Re,Liability,0.591,672029,USD,688005.0,534833.0,92218.0,AAA
P-00198,2024-04-01,Europe,Marine,6055114,3542892,2350322,0.6633908118000774,0.9771106794503259,Africa Re,Weather,0.555,5927256,USD,6055114.0,3542892.0,2350322.0,AAA
P-00199,2024-02-01,Latin America,Accident & Health,2705184,2019117,1403670,0.6951900261351868,1.121791083856799,Acentria Reinsurance,Agriculture,0.676,2985492,KES,19747.8432,14739.5541,10246.791,BBB
P-00200,2024-04-01,North America,Agriculture,5414970,3381460,783385,0.23167063930964732,0.3231439103217535,Acentria Reinsurance,Market,0.673,6977393,USD,5414970.0,3381460.0,783385.0,AAA
P-00201,2024-01-01,North America,Marine,4456798,3775473,2683767,0.7108425884650744,0.8085494233349657,Partner Re,Health,1.205,5501826,USD,4456798.0,3775473.0,2683767.0,AAA
P-00202,2024-04-01,Africa,Engineering,157504,119425,64744,0.542131044588654,0.6686441470319087,AgriProtect,Liability,0.585,230199,EUR,171679.36000000002,130173.25000000001,70570.96,AA+
P-00203,2024-01-01,Europe,Accident & Health,4638272,3179555,2904101,0.9133671221287255,1.2469083397261633,SCOR,Weather,0.829,6567485,USD,4638272.0,3179555.0,2904101.0,AAA
P-00204,2024-03-01,Nordics,Energy,2433483,1703149,262350,0.15403819630578416,0.3943205615795542,Africa Re,Cyber,1.145,3212230,USD,2433483.0,1703149.0,262350.0,AAA
P-00205,2024-04-01,Asia Pacific,Marine,523350,405795,137968,0.3399943321135056,0.6605221977521194,Metro Insurers Ltd,Weather,1.275,515807,USD,523350.0,405795.0,137968.0,AAA
P-00206,2024-02-01,Middle East & Africa,Engineering,2136926,1477378,922528,0.6244359940380864,0.9096505338660901,Coastal Mutual,Market,0.605,2020730,KES,15599.5598,10784.8594,6734.4544,BBB
P-00207,2024-01-01,Latin America,Liability,310180,218705,44651,0.2041608559475092,0.29792447793285476,Swiss Re,Operational,0.954,306808,KES,2264.314,1596.5465,325.9523,BBB
P-00208,2024-02-01,North America,Engineering,112593,85619,26401,0.30835445403473527,0.3612674194826686,Swiss Re,Liability,0.624,125072,KES,821.9289,625.0187,192.7273,BBB
P-00209,2024-03-01,Kenya,Engineering,3417282,2955546,502174,0.16990904557059847,0.36846367614310194,Partner Re,Nat Cat,1.091,3126942,USD,3417282.0,2955546.0,502174.0,AAA
P-00210,2024-02-01,Middle East & Africa,Energy,7760567,6233247,1380909,0.22153927158670272,0.4335955668084659,Hollard Re,Liability,0.85,10377234,USD,7760567.0,6233247.0,1380909.0,AAA
P-00211,2024-04-01,Europe,Motor,3088174,2496148,1623591,0.6504385957883908,0.9519178734387146,Swiss Re,Liability,0.843,3642268,USD,3088174.0,2496148.0,1623591.0,AAA
P-00212,2024-04-01,Caribbean,Agriculture,3942634,3125574,1531302,0.48992665027287785,0.8140564374884312,Hollard Re,Operational,1.253,4493489,USD,3942634.0,3125574.0,1531302.0,AAA
P-00213,2024-03-01,Europe,Liability,6382500,5686243,1106755,0.19463730269705323,0.36935582369393005,Partner Re,Operational,0.969,8577657,KES,46592.25,41509.5739,8079.3115,BBB
P-00214,2024-03-01,Australia & Pacific,Accident & Health,1220523,687516,216922,0.315515566183187,0.43560109507224076,Africa Re,Cyber,1.268,1765600,USD,1220523.0,687516.0,216922.0,AAA
P-00215,2024-04-01,Caribbean,Engineering,4194169,3515901,1842055,0.5239211798056885,0.7752219009988071,AgriProtect,Nat Cat,0.356,5339157,USD,4194169.0,3515901.0,1842055.0,AAA
P-00216,2024-03-01,Latin America,Property,4105515,2904689,2136870,0.7356622344078833,1.018228624438545,Kenya Reinsurance Corporation,Weather,1.01,4104343,USD,4105515.0,2904689.0,2136870.0,AAA
P-00217,2024-01-01,Asia Pacific,Marine,6317973,3475961,3526194,1.014451543040903,1.35,Metro Insurers Ltd,Political,1.282,5899958,EUR,6886590.57,3788797.49,3843551.4600000004,AA+
P-00218,2024-03-01,Latin America,Agriculture,4569836,4104454,2006852,0.48894493640323416,0.6973852148159172,Coastal Mutual,Operational,0.463,6634473,KES,33359.8028,29962.5142,14650.0196,BBB
P-00219,2024-03-01,Kenya,Property,1310731,906888,332704,0.36686338335053503,0.6845028769559895,Hannover Re,Agriculture,1.097,1472342,USD,1310731.0,906888.0,332704.0,AAA
P-00220,2024-04-01,Nordics,Energy,6725818,5175507,1987641,0.3840475918591164,0.6386809467793502,Kenya Reinsurance Corporation,Liability,0.483,9353089,USD,6725818.0,5175507.0,1987641.0,AAA
P-00221,2024-03-01,Middle East & Africa,Motor,5806111,3679753,3104266,0.8436071660244587,1.2646875566268787,Africa Re,Agriculture,0.808,6631175,USD,5806111.0,3679753.0,3104266.0,AAA
P-00222,2024-03-01,Asia Pacific,Engineering,95337,86652,17384,0.2006185662188986,0.6019889420628355,Partner Re,Political,1.108,140821,USD,95337.0,86652.0,17384.0,AAA
P-00223,2024-02-01,Latin America,Engineering,4715143,3105827,2782770,0.8959835818286079,1.2295770246757747,Hannover Re,Weather,0.368,4667675,KES,34420.5439,22672.5371,20314.221,BBB
P-00224,2024-02-01,Asia Pacific,Marine,695570,592211,419963,0.7091442070478259,1.0167102867630686,Coastal Mutual,Operational,1.156,975371,EUR,758171.3,645509.99,457759.67000000004,AA+
P-00225,2024-04-01,Africa,Engineering,5543926,4729822,2928635,0.619185034870234,0.8453717009619925,Old Mutual Re Africa,Health,0.97,5643060,USD,5543926.0,4729822.0,2928635.0,AAA
P-00226,2024-04-01,Nordics,Engineering,6255213,4493084,2524953,0.5619643434220237,0.6317009168550981,Aspire Re,Political,0.469,6004574,EUR,6818182.170000001,4897461.5600000005,2752198.77,AA+
P-00227,2024-03-01,Kenya,Energy,2349903,2117220,1240254,0.585793635049735,0.8539976904994199,Hannover Re,Health,0.673,3193203,EUR,2561394.27,2307769.8000000003,1351876.86,AA+
P-00228,2024-04-01,Australia & Pacific,Motor,967203,628358,580468,0.9237854853443419,1.334860852959157,Metro Insurers Ltd,Nat Cat,1.047,1419083,KES,7060.5819,4587.0134,4237.4164,BBB
P-00229,2024-03-01,Asia Pacific,Energy,5305158,4105168,2532110,0.6168103229879995,0.9108265818090228,AgriProtect,Nat Cat,0.544,7838336,USD,5305158.0,4105168.0,2532110.0,AAA
P-00230,2024-03-01,Europe,Engineering,4155986,3673711,2142856,0.5832946576363791,0.7278090600983491,Coastal Mutual,Operational,0.767,4259073,EUR,4530024.74,4004344.99,2335713.04,AA+
P-00231,2024-02-01,Europe,Accident & Health,5118727,3289808,425963,0.12947959273003165,0.1805353041597351,Old Mutual Re Africa,Health,1.115,4920846,USD,5118727.0,3289808.0,425963.0,AAA
P-00232,2024-04-01,Kenya,Marine,5999904,4510376,1711492,0.3794566129298311,0.8228193679004634,Hannover Re,Liability,1.256,5752787,USD,5999904.0,4510376.0,1711492.0,AAA
P-00233,2024-03-01,Caribbean,Property,3831145,2463900,2272183,0.9221896180851495,0.9902481949724118,SCOR,Weather,1.12,3840548,USD,3831145.0,2463900.0,2272183.0,AAA
P-00234,2024-03-01,North America,Accident & Health,2402186,1919465,1121813,0.5844404560645805,1.0525338636691977,SCOR,Cyber,1.141,3276522,KES,17535.9578,14012.0945,8189.2349,BBB
P-00235,2024-03-01,Africa,Accident & Health,4917643,3316863,529345,0.15959206032929307,0.6301552692967691,Acentria Reinsurance,Liability,1.017,5856044,USD,4917643.0,3316863.0,529345.0,AAA
P-00236,2024-04-01,Europe,Motor,4923477,2766468,1143475,0.41333389722924685,0.7861364023287283,Coastal Mutual,Weather,0.979,6228265,EUR,5366589.930000001,3015450.12,1246387.75,AA+
P-00237,2024-04-01,Asia Pacific,Engineering,1172522,704561,483355,0.686037120987395,1.012413844035637,Acentria Reinsurance,Weather,0.915,1643590,USD,1172522.0,704561.0,483355.0,AAA
P-00238,2024-01-01,North America,Accident & Health,2669769,2270708,241190,0.10621797254424611,0.4190320980612162,Old Mutual Re Africa,Nat Cat,0.474,3714049,USD,2669769.0,2270708.0,241190.0,AAA
P-00239,2024-02-01,Caribbean,Engineering,2168409,1254558,251589,0.20053995112222792,0.6187276331613389,Africa Re,Nat Cat,1.067,2600257,KES,15829.3857,9158.2734,1836.5997,BBB
P-00240,2024-03-01,Latin America,Liability,4942403,3563076,711588,0.19971170976987299,0.3551498262192767,Partner Re,Health,1.22,4665273,KES,36079.541900000004,26010.4548,5194.5924,BBB
P-00241,2024-03-01,North America,Engineering,6664382,4691668,2113225,0.4504208311415045,0.616136797165241,Africa Re,Political,0.946,7730925,KES,48649.9886,34249.176400000004,15426.5425,BBB
P-00242,2024-04-01,Europe,Agriculture,2522972,2090230,1587796,0.7596274094238433,0.9413264016842554,Aspire Re,Political,0.971,3419542,EUR,2750039.48,2278350.7,1730697.6400000001,AA+
P-00243,2024-02-01,Europe,Liability,7259723,4547053,3997773,0.8792008802184623,0.9861529636264461,Coastal Mutual,Operational,1.073,8055531,EUR,7913098.07,4956287.7700000005,4357572.57,AA+
P-00244,2024-04-01,North America,Property,855606,699970,275057,0.39295541237481607,0.6409560683817528,Munich Re,Nat Cat,1.064,849934,EUR,932610.54,762967.3,299812.13,AA+
P-00245,2024-04-01,Middle East & Africa,Energy,4341714,2744171,1925301,0.7015965841778811,1.1804320293287984,Coastal Mutual,Agriculture,1.295,4017929,EUR,4732468.260000001,2991146.39,2098578.0900000003,AA+
P-00246,2024-03-01,Latin America,Engineering,1183065,1082404,146774,0.1356000162601025,0.43377370560836026,SCOR,Health,0.744,1743764,USD,1183065.0,1082404.0,146774.0,AAA
P-00247,2024-03-01,Kenya,Property,2207329,1436034,467062,0.32524438836406383,0.4236192888610645,Partner Re,Cyber,0.686,2006363,USD,2207329.0,1436034.0,467062.0,AAA
P-00248,2024-01-01,Africa,Property,5217105,3830486,1245037,0.3250336902419171,0.6423185803644382,Hannover Re,Weather,0.968,7757989,EUR,5686644.45,4175229.74,1357090.33,AA+
P-00249,2024-02-01,Caribbean,Energy,6123443,4023127,3263842,0.8112699400242647,1.1568232233851985,Hannover Re,Market,1.171,6633320,USD,6123443.0,4023127.0,3263842.0,AAA
P-00250,2024-03-01,Caribbean,Liability,5061209,4459886,2660834,0.596614801364878,0.9243862527348752,Acentria Reinsurance,Operational,0.855,5184227,KES,36946.8257,32557.1678,19424.088200000002,BBB
P-00251,2024-04-01,Australia & Pacific,Liability,5470205,3322795,710353,0.21378177106923538,0.38773774374102826,Hannover Re,Cyber,0.453,5646620,USD,5470205.0,3322795.0,710353.0,AAA
P-00252,2024-04-01,Asia Pacific,Energy,4860160,3129109,1927373,0.615949460373544,0.7591502676245491,Acentria Reinsurance,Nat Cat,0.77,6931930,USD,4860160.0,3129109.0,1927373.0,AAA
P-00253,2024-02-01,Nordics,Marine,7830053,6051640,3319603,0.5485460139730718,0.9157095664161357,SCOR,Operational,1.307,8302340,USD,7830053.0,6051640.0,3319603.0,AAA
P-00254,2024-02-01,Nordics,Agriculture,7584197,4810821,3754223,0.780370543821938,0.9898732193440298,Old Mutual Re Africa,Operational,1.231,10850117,USD,7584197.0,4810821.0,3754223.0,AAA
P-00255,2024-01-01,Nordics,Motor,1896466,1242447,549377,0.44217338848256704,0.5257561767045773,Munich Re,Market,1.005,2176355,KES,13844.2018,9069.8631,4010.4521,BBB
P-00256,2024-02-01,Middle East & Africa,Energy,2938035,2653023,771846,0.2909307608716547,0.3494847505610367,Swiss Re,Nat Cat,1.158,3123591,EUR,3202458.1500000004,2891795.0700000003,841312.14,AA+
P-00257,2024-01-01,Australia & Pacific,Energy,3065441,2300128,1104572,0.4802219702555684,0.5968578570998245,Partner Re,Agriculture,1.196,2793635,EUR,3341330.6900000004,2507139.52,1203983.48,AA+
P-00258,2024-04-01,Nordics,Engineering,1982371,1145527,1217719,1.0630207755906234,1.35,Munich Re,Weather,1.066,1801475,USD,1982371.0,1145527.0,1217719.0,AAA
P-00259,2024-01-01,Caribbean,Property,7977134,5460706,959680,0.17574284350778085,0.4267925345911593,Aspire Re,Health,0.729,8258480,EUR,8695076.06,5952169.54,1046051.2000000001,AA+
P-00260,2024-01-01,Nordics,Marine,6517660,5794850,626784,0.10816224751287781,0.4529952362100883,Acentria Reinsurance,Health,0.519,9767979,USD,6517660.0,5794850.0,626784.0,AAA
P-00261,2024-01-01,Nordics,Agriculture,6073853,5190615,2875052,0.5538942880564249,0.9623500528283865,Hannover Re,Cyber,0.743,6596880,EUR,6620499.7700000005,5657770.350000001,3133806.68,AA+
P-00262,2024-03-01,Middle East & Africa,Accident & Health,6366013,5836588,941335,0.16128172829742307,0.45994903763343287,Hollard Re,Health,0.825,8661393,EUR,6938954.170000001,6361880.920000001,1026055.15,AA+
P-00263,2024-01-01,Nordics,Liability,225114,158543,32134,0.20268318374195013,0.5038932716131374,Old Mutual Re Africa,Liability,0.825,262188,EUR,245374.26,172811.87000000002,35026.060000000005,AA+
P-00264,2024-03-01,Australia & Pacific,Motor,5575420,3380866,3563761,1.0540970863678123,1.1776545040135311,Coastal Mutual,Liability,1.099,8350516,KES,40700.566,24680.3218,26015.4553,BBB
P-00265,2024-04-01,North America,Property,6910337,5880541,1173731,0.19959575147932818,0.5301565547990179,Munich Re,Nat Cat,0.376,7449893,EUR,7532267.330000001,6409789.69,1279366.79,AA+
P-00266,2024-03-01,Europe,Liability,2737179,2436026,1630067,0.6691500829629897,1.1173906706844936,Coastal Mutual,Nat Cat,1.153,3266297,EUR,2983525.1100000003,2655268.3400000003,1776773.03,AA+
P-00267,2024-02-01,North America,Engineering,4823233,2811279,2286913,0.8134777800424646,1.1604201870661124,Swiss Re,Cyber,0.895,5743512,KES,35209.6009,20522.3367,16694.4649,BBB
P-00268,2024-01-01,Caribbean,Accident & Health,370194,232045,74980,0.3231269796806654,0.6866375869522303,AgriProtect,Liability,1.145,352146,EUR,403511.46,252929.05000000002,81728.20000000001,AA+
P-00269,2024-01-01,Europe,Energy,1345253,830968,402739,0.48466246594333356,0.5470792566468698,Munich Re,Cyber,1.033,1844687,KES,9820.3469,6066.0664,2939.9947,BBB
P-00270,2024-01-01,Europe,Liability,7637856,5583813,3429421,0.6141718929340936,0.7155593855751647,Aspire Re,Weather,0.935,7366663,USD,7637856.0,5583813.0,3429421.0,AAA
P-00271,2024-02-01,Australia & Pacific,Property,7475539,6584090,1005465,0.15271130862427457,0.6305361385399743,Metro Insurers Ltd,Weather,0.354,8615770,USD,7475539.0,6584090.0,1005465.0,AAA
P-00272,2024-01-01,Australia & Pacific,Agriculture,2454227,1745607,1245099,0.7132756685783226,1.1341713053078881,Kenya Reinsurance Corporation,Health,0.988,3033072,USD,2454227.0,1745607.0,1245099.0,AAA
P-00273,2024-02-01,Latin America,Accident & Health,1472367,1223182,452369,0.3698296737525569,0.8109392713842811,AgriProtect,Market,1.334,2167061,USD,1472367.0,1223182.0,452369.0,AAA
P-00274,2024-02-01,Australia & Pacific,Engineering,6986243,5747429,1386825,0.24129484679149582,0.30897655664078494,Hollard Re,Operational,0.813,8081568,KES,50999.5739,41956.231700000004,10123.8225,BBB
P-00275,2024-01-01,Middle East & Africa,Motor,3576038,2017782,321380,0.1592738957925088,0.5553635882441886,Hollard Re,Market,0.558,3610571,EUR,3897881.4200000004,2199382.3800000004,350304.2,AA+
P-00276,2024-02-01,North America,Engineering,3137694,1795876,1180536,0.6573594167971508,0.826441095035218,Hollard Re,Operational,0.716,3191874,KES,22905.1662,13109.8948,8617.9128,BBB
P-00277,2024-02-01,North America,Agriculture,7178545,6297271,4534291,0.7200406334744051,1.0820759624036902,Hollard Re,Nat Cat,1.029,7192781,KES,52403.3785,45970.0783,33100.3243,BBB
P-00278,2024-02-01,Africa,Engineering,6191251,5476126,1465401,0.26759811589433846,0.677393025644494,Metro Insurers Ltd,Political,1.134,8927359,KES,45196.1323,39975.7198,10697.4273,BBB
P-00279,2024-03-01,Nordics,Agriculture,4039283,3408510,678370,0.19902244675826095,0.42676449837091757,Africa Re,Operational,0.993,4893791,USD,4039283.0,3408510.0,678370.0,AAA
P-00280,2024-03-01,Asia Pacific,Marine,5024984,2945603,1940632,0.6588233377002943,0.8360905815151181,Hannover Re,Weather,1.222,6032048,KES,36682.383200000004,21502.9019,14166.6136,BBB
P-00281,2024-02-01,Africa,Property,5343378,4227377,2552770,0.6038661799030463,0.9312886899147104,Old Mutual Re Africa,Liability,0.978,4917136,USD,5343378.0,4227377.0,2552770.0,AAA
P-00282,2024-04-01,North America,Agriculture,856845,717659,531712,0.7408978358802718,0.9000533085478675,Metro Insurers Ltd,Political,0.641,999104,USD,856845.0,717659.0,531712.0,AAA
P-00283,2024-03-01,Asia Pacific,Liability,5694904,3361210,2841164,0.8452801223368965,1.3209331148150105,Swiss Re,Market,0.386,5352193,KES,41572.7992,24536.833,20740.4972,BBB
P-00284,2024-03-01,North America,Energy,1247863,1108317,586072,0.5287945596792254,0.5909957936997658,Aspire Re,Nat Cat,0.833,1560791,USD,1247863.0,1108317.0,586072.0,AAA
P-00285,2024-02-01,Asia Pacific,Engineering,1729161,1508428,954486,0.6327686836892447,0.7509687959062762,SCOR,Nat Cat,0.451,1558510,USD,1729161.0,1508428.0,954486.0,AAA
P-00286,2024-04-01,Kenya,Engineering,2388902,1865883,1107883,0.593758022341165,0.7289917177338837,Metro Insurers Ltd,Cyber,0.88,2906884,KES,17438.9846,13620.9459,8087.5459,BBB
P-00287,2024-04-01,Africa,Agriculture,2856327,2067553,1143331,0.5529875171277351,1.0304767698845432,Hollard Re,Cyber,1.111,4175564,KES,20851.1871,15093.1369,8346.3163,BBB
P-00288,2024-04-01,Middle East & Africa,Motor,6447866,3859205,3562182,0.9230351847077313,1.0498756291405025,Old Mutual Re Africa,Political,0.478,8747603,EUR,7028173.94,4206533.45,3882778.3800000004,AA+
P-00289,2024-01-01,Kenya,Energy,4569766,4074443,539618,0.1324396978924481,0.23401733684076234,Munich Re,Cyber,1.329,5365265,USD,4569766.0,4074443.0,539618.0,AAA
P-00290,2024-02-01,Asia Pacific,Liability,282878,204125,178979,0.8768107777097367,1.0356117964737452,Old Mutual Re Africa,Operational,0.587,304695,KES,2065.0094,1490.1125,1306.5467,BBB
P-00291,2024-01-01,Middle East & Africa,Motor,6360876,3927924,1911030,0.4865241791847296,0.7191206307642959,Hollard Re,Weather,1.157,8651555,EUR,6933354.840000001,4281437.16,2083022.7000000002,AA+
P-00292,2024-03-01,Nordics,Agriculture,4888170,4145487,1819861,0.43899812012436656,0.6309634486187243,Old Mutual Re Africa,Nat Cat,0.377,7120607,KES,35683.641,30262.0551,13284.9853,BBB
P-00293,2024-04-01,Europe,Motor,1466812,1159547,558155,0.4813560812972652,0.7349124556985595,Aspire Re,Agriculture,0.772,1897661,KES,10707.7276,8464.6931,4074.5315,BBB
P-00294,2024-03-01,Asia Pacific,Energy,6346365,5260519,591140,0.11237294266972517,0.5318907523449253,Acentria Reinsurance,Cyber,1.057,9180782,USD,6346365.0,5260519.0,591140.0,AAA
P-00295,2024-03-01,Asia Pacific,Property,6386683,4190257,788396,0.18814979606262813,0.604239488837861,Munich Re,Nat Cat,0.907,6070895,EUR,6961484.470000001,4567380.13,859351.64,AA+
P-00296,2024-04-01,Latin America,Liability,4099384,3246504,2242746,0.6908188007776981,1.1000055226245762,SCOR,Agriculture,0.927,4561904,KES,29925.5032,23699.4792,16372.0458,BBB
P-00297,2024-04-01,Caribbean,Energy,5894148,4869252,2526580,0.5188846254003695,0.5925936444313199,Aspire Re,Market,0.476,7923601,USD,5894148.0,4869252.0,2526580.0,AAA
P-00298,2024-01-01,Middle East & Africa,Energy,512121,454045,198922,0.43811075994670134,0.6726596035411865,Partner Re,Political,1.032,555677,EUR,558211.89,494909.05000000005,216824.98,AA+
P-00299,2024-03-01,Australia & Pacific,Energy,3819587,3026005,1764378,0.5830717398021483,0.8175646772554577,Acentria Reinsurance,Weather,1.033,4224867,KES,27882.9851,22089.8365,12879.9594,BBB
P-00300,2024-03-01,Europe,Energy,1388354,879796,386235,0.43900517847319154,0.7910386387972155,SCOR,Operational,0.954,1718242,USD,1388354.0,879796.0,386235.0,AAA
P-00301,2024-03-01,Caribbean,Engineering,1686742,1204958,700938,0.5817115617307823,0.704300282371639,Swiss Re,Operational,0.784,1568353,EUR,1838548.78,1313404.2200000002,764022.42,AA+
P-00302,2024-02-01,Caribbean,Marine,6075076,4977662,2549840,0.5122565573958215,0.7490224030508554,Partner Re,Operational,0.607,7686967,EUR,6621832.840000001,5425651.58,2779325.6,AA+
P-00303,2024-01-01,Nordics,Property,4856326,2982942,893784,0.29963170587963156,0.3961777679475177,Old Mutual Re Africa,Cyber,0.805,7185304,KES,35451.1798,21775.4766,6524.6232,BBB
P-00304,2024-03-01,Caribbean,Engineering,3541538,2295612,564684,0.24598407744862807,0.5995835744418767,SCOR,Market,0.439,4078594,KES,25853.2274,16757.9676,4122.1932,BBB
P-00305,2024-01-01,Asia Pacific,Engineering,2266705,1608556,193889,0.12053605842755863,0.4421195444955984,Aspire Re,Liability,1.041,2389694,USD,2266705.0,1608556.0,193889.0,AAA
P-00306,2024-02-01,Latin America,Engineering,2984534,2145537,1173618,0.5470043164019077,0.6953463857735922,Coastal Mutual,Weather,1.286,3283153,EUR,3253142.06,2338635.33,1279243.62,AA+
P-00307,2024-04-01,Australia & Pacific,Property,248287,162751,140737,0.8647381582908861,1.2972347645740068,Metro Insurers Ltd,Market,0.56,362201,USD,248287.0,162751.0,140737.0,AAA
P-00308,2024-03-01,Asia Pacific,Liability,1174003,877631,423791,0.48288061839201213,0.7652180509135591,Hannover Re,Operational,1.295,1616796,EUR,1279663.27,956617.79,461932.19000000006,AA+
P-00309,2024-01-01,Kenya,Motor,670844,581365,294806,0.5070927902436507,0.8685419852039048,Partner Re,Liability,0.777,869220,EUR,731219.9600000001,633687.8500000001,321338.54000000004,AA+
P-00310,2024-04-01,Africa,Energy,7720599,5618100,3370317,0.5999033481070113,0.9145020097642385,Africa Re,Cyber,0.973,11347752,EUR,8415452.91,6123729.0,3673645.5300000003,AA+
P-00311,2024-03-01,Australia & Pacific,Agriculture,6302280,4866182,1520648,0.3124930386902915,0.537300201228757,SCOR,Cyber,1.103,6069835,EUR,6869485.2,5304138.380000001,1657506.32,AA+
P-00312,2024-03-01,Europe,Agriculture,6003603,3492879,3284181,0.9402504352426752,1.107334638259898,Metro Insurers Ltd,Cyber,0.77,7952529,USD,6003603.0,3492879.0,3284181.0,AAA
P-00313,2024-02-01,Nordics,Liability,5248095,4695049,2801845,0.5967658697491762,0.9882860387210728,Kenya Reinsurance Corporation,Health,0.679,6382215,KES,38311.0935,34273.8577,20453.4685,BBB
P-00314,2024-03-01,Middle East & Africa,Liability,6295834,5721689,1502309,0.2625639037703727,0.45351772280693636,Partner Re,Liability,1.079,5803084,KES,45959.5882,41768.3297,10966.8557,BBB
P-00315,2024-01-01,Kenya,Agriculture,3277101,2656909,1304920,0.4911421505215271,0.8303955634389737,Africa Re,Liability,1.065,3724515,EUR,3572040.0900000003,2896030.81,1422362.8,AA+
P-00316,2024-04-01,Caribbean,Accident & Health,2080583,1573163,1286718,0.8179177872858693,0.9108124649663154,Old Mutual Re Africa,Health,0.639,2790972,EUR,2267835.47,1714747.6700000002,1402522.62,AA+
P-00317,2024-04-01,Africa,Accident & Health,3780602,2975801,1903184,0.6395535185316491,1.109382162098259,Kenya Reinsurance Corporation,Operational,0.489,5495734,KES,27598.3946,21723.3473,13893.2432,BBB
P-00318,2024-03-01,Nordics,Agriculture,1620759,1216587,1029174,0.8459518308185111,1.2597706020490949,Hannover Re,Liability,1.236,2280345,KES,11831.5407,8881.0851,7512.9702,BBB
P-00319,2024-04-01,Latin America,Property,2576071,2254170,1361484,0.6039846151798667,0.7635304601782866,Kenya Reinsurance Corporation,Nat Cat,0.439,3329173,EUR,2807917.39,2457045.3000000003,1484017.56,AA+
P-00320,2024-04-01,Australia & Pacific,Liability,2912182,2596420,327826,0.1262607744509748,0.5610511313970384,SCOR,Political,0.705,4081868,EUR,3174278.3800000004,2830097.8000000003,357330.34,AA+
P-00321,2024-03-01,Africa,Marine,5512228,4056273,690825,0.17031028237004758,0.5584815536635497,Kenya Reinsurance Corporation,Agriculture,1.087,7683254,USD,5512228.0,4056273.0,690825.0,AAA
P-00322,2024-04-01,Kenya,Engineering,111449,87695,20402,0.23264724328639033,0.6312740762854537,Aspire Re,Market,0.677,108702,USD,111449.0,87695.0,20402.0,AAA
P-00323,2024-03-01,Europe,Property,6344009,4201843,3092616,0.7360141728284469,1.1141245027859337,Kenya Reinsurance Corporation,Agriculture,1.261,8362284,USD,6344009.0,4201843.0,3092616.0,AAA
P-00324,2024-02-01,Nordics,Property,1695783,1090388,1033447,0.9477791391688096,1.2225066620028924,Coastal Mutual,Weather,1.152,1543851,USD,1695783.0,1090388.0,1033447.0,AAA
P-00325,2024-04-01,Nordics,Liability,504313,383508,95023,0.24777318856451494,0.6771207370115669,AgriProtect,Political,1.333,668552,KES,3681.4849,2799.6084,693.6679,BBB
P-00326,2024-04-01,Caribbean,Property,5320481,3490808,2219587,0.6358376055056595,0.7117150019531076,Swiss Re,Cyber,0.684,7504903,EUR,5799324.29,3804980.72,2419349.83,AA+
P-00327,2024-03-01,North America,Energy,2086107,1634842,1020403,0.6241600105698287,0.7943225708707322,SCOR,Operational,0.431,2961169,KES,15228.5811,11934.3466,7448.9419,BBB
P-00328,2024-03-01,North America,Liability,7025379,4257831,2372746,0.557266364024312,0.793885835081746,Coastal Mutual,Nat Cat,0.477,9422963,EUR,7657663.11,4641035.79,2586293.14,AA+
P-00329,2024-02-01,Africa,Agriculture,2691872,2017036,1599627,0.7930582299968865,1.1398056560920409,SCOR,Weather,0.497,3792518,EUR,2934140.4800000004,2198569.24,1743593.4300000002,AA+
P-00330,2024-04-01,Middle East & Africa,Liability,5050583,3032252,610339,0.2012824132031243,0.43379377922868473,Swiss Re,Liability,0.803,5144000,KES,36869.255900000004,22135.4396,4455.4747,BBB
P-00331,2024-04-01,Australia & Pacific,Liability,6267767,4593753,502366,0.1093585136162088,0.519075925541967,Old Mutual Re Africa,Operational,0.515,8483613,KES,45754.6991,33534.3969,3667.2718,BBB
P-00332,2024-02-01,North America,Motor,825156,750088,507024,0.6759526882179158,0.8617733048541779,Africa Re,Weather,1.023,1137091,KES,6023.6388,5475.6424,3701.2752,BBB
P-00333,2024-04-01,Kenya,Agriculture,2965205,2445537,438780,0.17942071618626093,0.30983980859832255,Metro Insurers Ltd,Agriculture,0.451,3805307,USD,2965205.0,2445537.0,438780.0,AAA
P-00334,2024-03-01,North America,Agriculture,2960478,1974715,442358,0.2240110598238227,0.6210974801904914,Acentria Reinsurance,Operational,0.558,3755477,USD,2960478.0,1974715.0,442358.0,AAA
P-00335,2024-02-01,Kenya,Engineering,1947127,1177434,971114,0.8247714946230532,1.2112854582709442,Hannover Re,Political,1.142,2057699,KES,14214.0271,8595.2682,7089.1322,BBB
P-00336,2024-03-01,Europe,Property,3345076,2833918,543486,0.1917790140716845,0.6319970080507529,Kenya Reinsurance Corporation,Operational,0.578,4035196,EUR,3646132.8400000003,3088970.62,592399.74,AA+
P-00337,2024-01-01,North America,Accident & Health,6862996,4300580,3822837,0.8889119607122761,0.958350480796145,Old Mutual Re Africa,Weather,0.823,6604519,KES,50099.8708,31394.234,27906.7101,BBB
P-00338,2024-03-01,North America,Engineering,6979910,5428469,4101414,0.7555378873859278,0.8413513578359557,Swiss Re,Nat Cat,1.346,7840358,EUR,7608101.9,5917031.210000001,4470541.260000001,AA+
P-00339,2024-01-01,North America,Property,3124264,2194694,1063412,0.48453770776244887,0.8469371837094856,Acentria Reinsurance,Agriculture,0.47,3860441,USD,3124264.0,2194694.0,1063412.0,AAA
P-00340,2024-01-01,Nordics,Property,3009520,2031096,1859721,0.9156243722601,0.9688423676266105,Kenya Reinsurance Corporation,Liability,1.276,3554195,USD,3009520.0,2031096.0,1859721.0,AAA
P-00341,2024-03-01,North America,Accident & Health,6241137,3610432,1937460,0.5366283037597717,1.010820817903002,Old Mutual Re Africa,Nat Cat,0.519,7079317,USD,6241137.0,3610432.0,1937460.0,AAA
P-00342,2024-02-01,North America,Liability,7661248,5346792,4628062,0.8655773405810437,1.230746249195219,Africa Re,Cyber,1.148,10791763,EUR,8350760.32,5828003.28,5044587.58,AA+
P-00343,2024-03-01,North America,Property,2311445,2038885,1244222,0.6102462865732986,0.7261283918617321,AgriProtect,Health,0.91,2622341,KES,16873.5485,14883.8605,9082.820600000001,BBB
P-00344,2024-03-01,Africa,Marine,6927721,5728215,2179697,0.38051941136985956,0.6250947507136262,Africa Re,Cyber,0.54,8964098,USD,6927721.0,5728215.0,2179697.0,AAA
P-00345,2024-03-01,Kenya,Marine,2293325,1354355,1387085,1.0241664851534493,1.1922054653003895,Munich Re,Liability,0.946,2190991,EUR,2499724.25,1476246.9500000002,1511922.6500000001,AA+
P-00346,2024-04-01,Caribbean,Engineering,7358525,5983196,1939130,0.32409601824844114,0.6706435176640041,Coastal Mutual,Weather,0.774,7992469,USD,7358525.0,5983196.0,1939130.0,AAA
P-00347,2024-03-01,Australia & Pacific,Liability,1775023,1626624,266555,0.16387007692005037,0.37895705732302354,Kenya Reinsurance Corporation,Market,0.972,2437397,KES,12957.6679,11874.3552,1945.8515,BBB
P-00348,2024-04-01,Caribbean,Motor,2125520,1752476,349074,0.19918903311657335,0.6704826563593198,Partner Re,Nat Cat,0.922,2031560,USD,2125520.0,1752476.0,349074.0,AAA
P-00349,2024-01-01,Caribbean,Marine,2480622,1724182,909765,0.5276502132605491,0.7837377901912377,Africa Re,Liability,0.54,3716155,EUR,2703877.98,1879358.3800000001,991643.8500000001,AA+
P-00350,2024-01-01,Asia Pacific,Agriculture,83066,75098,35171,0.4683347093131641,0.721741550135163,SCOR,Market,0.866,89530,EUR,90541.94,81856.82,38336.39,AA+
P-00351,2024-03-01,Europe,Accident & Health,5724590,4948680,1611094,0.32556035144725465,0.5113667196673438,SCOR,Weather,0.987,6042882,KES,41789.507,36125.364,11760.9862,BBB
P-00352,2024-01-01,Australia & Pacific,Property,5917120,3823652,2920202,0.7637206524024676,1.071114974235718,Acentria Reinsurance,Liability,0.914,6348756,USD,5917120.0,3823652.0,2920202.0,AAA
P-00353,2024-02-01,Africa,Marine,2338776,1719098,500262,0.2910026071812078,0.6466587681915368,Metro Insurers Ltd,Health,0.404,2506634,USD,2338776.0,1719098.0,500262.0,AAA
P-00354,2024-02-01,Caribbean,Engineering,5780219,4939439,1504708,0.3046313559090415,0.5128062640726557,Munich Re,Cyber,1.271,8264008,KES,42195.5987,36057.9047,10984.3684,BBB
P-00355,2024-02-01,Caribbean,Liability,4395073,3396905,2048656,0.6030948760710118,0.9736430012772788,Hollard Re,Weather,0.535,4780239,EUR,4790629.57,3702626.45,2233035.04,AA+
P-00356,2024-02-01,Asia Pacific,Agriculture,4124537,2282650,814283,0.3567270497010054,0.7641113997532742,Hollard Re,Weather,0.975,4479496,USD,4124537.0,2282650.0,814283.0,AAA
P-00357,2024-01-01,Caribbean,Motor,4433158,2513098,629945,0.25066471741253227,0.6945252631549244,SCOR,Market,0.923,4187351,EUR,4832142.220000001,2739276.8200000003,686640.05,AA+
P-00358,2024-04-01,Kenya,Energy,4088537,2989698,2262077,0.7566239131845424,1.2162120323164645,SCOR,Operational,0.426,4078399,KES,29846.3201,21824.7954,16513.1621,BBB
P-00359,2024-01-01,Nordics,Property,3755575,2632448,1385470,0.526304793105125,0.8365942542828244,Kenya Reinsurance Corporation,Cyber,0.643,5338738,KES,27415.697500000002,19216.8704,10113.931,BBB
P-00360,2024-03-01,Kenya,Accident & Health,710549,456425,247382,0.5419992331708385,0.6824507213653097,SCOR,Agriculture,0.643,818615,EUR,774498.41,497503.25000000006,269646.38,AA+
P-00361,2024-02-01,Middle East & Africa,Energy,4557453,3122355,695635,0.22279177095493627,0.4543927685015138,AgriProtect,Cyber,0.847,5398917,EUR,4967623.7700000005,3403366.95,758242.15,AA+
P-00362,2024-03-01,Australia & Pacific,Engineering,4533482,2559126,1203098,0.4701206583810254,0.6396001447224733,Hollard Re,Nat Cat,1.344,4360266,EUR,4941495.380000001,2789447.3400000003,1311376.82,AA+
P-00363,2024-04-01,Latin America,Accident & Health,4345543,3656282,2232328,0.6105459042820002,0.7960472946529916,Africa Re,Market,0.804,4266699,KES,31722.4639,26690.8586,16295.9944,BBB
P-00364,2024-02-01,Africa,Liability,7164704,5724105,2757991,0.4818204767382849,0.6659896760338843,Kenya Reinsurance Corporation,Agriculture,1.299,7455171,USD,7164704.0,5724105.0,2757991.0,AAA
P-00365,2024-01-01,North America,Agriculture,2704327,2134313,1200523,0.5624868517410521,0.7854449274060558,AgriProtect,Nat Cat,1.22,3039405,USD,2704327.0,2134313.0,1200523.0,AAA
P-00366,2024-03-01,Asia Pacific,Agriculture,2725956,2045872,815613,0.39866277069142153,0.4547599274736913,Kenya Reinsurance Corporation,Political,1.086,2873858,USD,2725956.0,2045872.0,815613.0,AAA
P-00367,2024-01-01,Nordics,Agriculture,5665218,4431613,1161882,0.26218038443338804,0.6591499643459298,Aspire Re,Agriculture,0.947,7672798,KES,41356.0914,32350.7749,8481.7386,BBB
P-00368,2024-02-01,Middle East & Africa,Motor,4627035,2560885,428444,0.16730310029540568,0.43477680326709267,Old Mutual Re Africa,Market,0.71,6769168,KES,33777.3555,18694.4605,3127.6412,BBB
P-00369,2024-04-01,Australia & Pacific,Marine,528719,332958,263013,0.7899284594453354,1.0065999440364966,Old Mutual Re Africa,Health,0.728,530220,USD,528719.0,332958.0,263013.0,AAA
P-00370,2024-01-01,Australia & Pacific,Liability,411231,265041,147386,0.5560875487188774,0.6876343724650453,Old Mutual Re Africa,Health,0.533,578068,KES,3001.9863,1934.7993000000001,1075.9178,BBB
P-00371,2024-01-01,Middle East & Africa,Energy,3834569,2917378,2398463,0.8221296657478051,1.122945515961863,Acentria Reinsurance,Operational,1.099,4141282,USD,3834569.0,2917378.0,2398463.0,AAA
P-00372,2024-01-01,Africa,Motor,6290442,3710573,1810387,0.4878995777741066,0.8632204749073753,Munich Re,Nat Cat,0.603,7089689,EUR,6856581.78,4044524.5700000003,1973321.83,AA+
P-00373,2024-04-01,North America,Agriculture,7223767,4972794,671887,0.13511257454059025,0.5794290265443889,Acentria Reinsurance,Liability,0.451,8684251,EUR,7873906.03,5420345.46,732356.8300000001,AA+
P-00374,2024-02-01,Middle East & Africa,Engineering,6821506,5040723,4171376,0.8275352563511227,0.9891969976639741,Metro Insurers Ltd,Market,0.811,6812781,USD,6821506.0,5040723.0,4171376.0,AAA
P-00375,2024-02-01,Latin America,Marine,6091545,5433570,1825544,0.3359750587551094,0.5783463493590979,SCOR,Operational,0.591,6533764,EUR,6639784.050000001,5922591.300000001,1989842.9600000002,AA+
P-00376,2024-01-01,North America,Engineering,5591028,4173158,1292371,0.30968657309404535,0.5377733542825514,Old Mutual Re Africa,Operational,0.569,7947648,USD,5591028.0,4173158.0,1292371.0,AAA
P-00377,2024-02-01,Nordics,Motor,4762223,3587717,2552959,0.7115831599872565,0.875545358533615,SCOR,Cyber,1.297,4714519,KES,34764.2279,26190.3341,18636.6007,BBB
P-00378,2024-04-01,Caribbean,Agriculture,5344840,3028820,516010,0.17036667745194498,0.2743245347504396,SCOR,Agriculture,1.223,5692542,EUR,5825875.600000001,3301413.8000000003,562450.9,AA+
P-00379,2024-02-01,Nordics,Engineering,7838679,5435853,3353244,0.6168754011559915,0.9947836076562377,Acentria Reinsurance,Cyber,1.061,10371419,USD,7838679.0,5435853.0,3353244.0,AAA
P-00380,2024-03-01,Australia & Pacific,Accident & Health,3921761,2202969,1292856,0.5868698106963829,1.0561152575565096,Coastal Mutual,Market,0.572,3864057,EUR,4274719.49,2401236.21,1409213.04,AA+
P-00381,2024-04-01,Caribbean,Energy,755125,679270,268835,0.39577045946383616,0.8301618145266978,Old Mutual Re Africa,Weather,1.058,942009,KES,5512.4125,4958.671,1962.4955,BBB
P-00382,2024-04-01,Africa,Accident & Health,7691793,5953993,2502676,0.42033573099598875,0.828518256353673,Coastal Mutual,Agriculture,0.853,7733430,USD,7691793.0,5953993.0,2502676.0,AAA
P-00383,2024-02-01,Nordics,Property,5902504,3382445,3652162,1.0797402470697972,1.158148037683292,SCOR,Liability,0.663,6108597,USD,5902504.0,3382445.0,3652162.0,AAA
P-00384,2024-03-01,Nordics,Motor,6627247,5322871,1683880,0.31634807606646864,0.6269789837701533,AgriProtect,Health,1.24,8772453,EUR,7223699.23,5801929.390000001,1835429.2000000002,AA+
P-00385,2024-01-01,Europe,Motor,6448293,5785127,3954917,0.6836352944369242,1.0767315679090737,AgriProtect,Operational,0.551,8678669,USD,6448293.0,5785127.0,3954917.0,AAA
P-00386,2024-01-01,Asia Pacific,Property,1593480,1036409,446321,0.4306417640140138,0.6848658876518746,Acentria Reinsurance,Agriculture,0.522,2068999,USD,1593480.0,1036409.0,446321.0,AAA
P-00387,2024-04-01,Nordics,Energy,7689437,6070345,1808028,0.2978460038103271,0.5799749898611964,Hannover Re,Agriculture,1.255,9236361,EUR,8381486.330000001,6616676.050000001,1970750.5200000003,AA+
P-00388,2024-04-01,Australia & Pacific,Engineering,2482815,1810536,388856,0.2147739674880809,0.6931966108636928,Partner Re,Agriculture,0.517,2667336,KES,18124.5495,13216.9128,2838.6488,BBB
P-00389,2024-01-01,Africa,Liability,6959695,4108279,4368482,1.0633362534530884,1.35,Old Mutual Re Africa,Liability,1.118,7475293,USD,6959695.0,4108279.0,4368482.0,AAA
P-00390,2024-01-01,Nordics,Marine,2272423,1385568,1188545,0.8578034423427793,1.0371609702803146,Swiss Re,Political,1.115,3055192,KES,16588.6879,10114.6464,8676.3785,BBB
P-00391,2024-01-01,Middle East & Africa,Property,1023249,802042,352333,0.43929494964104127,0.540338300947649,Hannover Re,Weather,1.248,1365976,KES,7469.7177,5854.9066,2572.0309,BBB
P-00392,2024-04-01,Nordics,Energy,5648901,5143122,3379198,0.6570324406070865,0.7743207801190233,Old Mutual Re Africa,Liability,1.046,8307143,KES,41236.9773,37544.7906,24668.1454,BBB
P-00393,2024-04-01,North America,Energy,151954,110573,20223,0.18289274958624618,0.6266914603956761,Africa Re,Nat Cat,1.069,151783,KES,1109.2642,807.1829,147.6279,BBB
P-00394,2024-03-01,North America,Marine,3756905,2683876,511264,0.19049464282254472,0.39040341193110184,Aspire Re,Weather,0.842,5546813,EUR,4095026.45,2925424.8400000003,557277.76,AA+
P-00395,2024-04-01,Europe,Energy,7245910,5778987,4435553,0.7675312299543156,0.9662793721346996,Swiss Re,Market,0.721,8367171,KES,52895.143000000004,42186.6051,32379.5369,BBB
P-00396,2024-01-01,North America,Liability,5597325,4835571,1682242,0.34788900835082354,0.6679607388745786,Kenya Reinsurance Corporation,Liability,1.314,5984328,KES,40860.4725,35299.6683,12280.3666,BBB
P-00397,2024-01-01,Latin America,Motor,4244297,2712466,1705024,0.6285881555750377,1.0661739013626543,Africa Re,Operational,0.62,4391845,USD,4244297.0,2712466.0,1705024.0,AAA
P-00398,2024-03-01,Europe,Agriculture,6327928,5752267,742514,0.12908197759248657,0.2755317102284225,AgriProtect,Cyber,1.005,6005189,USD,6327928.0,5752267.0,742514.0,AAA
P-00399,2024-01-01,Latin America,Property,5247240,4538430,1258138,0.2772187738931745,0.39512617570897474,Hollard Re,Liability,0.649,5343498,KES,38304.852,33130.539,9184.4074,BBB
P-00400,2024-03-01,Middle East & Africa,Marine,7378548,5793405,3571920,0.6165493349765812,0.7428348132839546,Coastal Mutual,Operational,0.999,10553489,USD,7378548.0,5793405.0,3571920.0,AAA
P-00401,2024-04-01,Middle East & Africa,Agriculture,2951173,2101454,1393249,0.6629928611332915,0.7207118047124395,Coastal Mutual,Weather,0.62,2847106,EUR,3216778.5700000003,2290584.8600000003,1518641.4100000001,AA+
P-00402,2024-03-01,Africa,Property,2854846,2503367,1733572,0.6924961461903109,0.778358140808291,Old Mutual Re Africa,Market,0.849,2960507,USD,2854846.0,2503367.0,1733572.0,AAA
P-00403,2024-01-01,Europe,Engineering,3248784,2538170,283523,0.11170370778947036,0.23832343435917863,AgriProtect,Nat Cat,0.889,3266664,EUR,3541174.56,2766605.3000000003,309040.07,AA+
P-00404,2024-04-01,North America,Property,7238431,5325092,3359290,0.630841683110827,0.9502904910698577,Hollard Re,Political,0.808,8014816,KES,52840.5463,38873.1716,24522.817,BBB
P-00405,2024-04-01,Europe,Energy,3533044,2845184,2145410,0.7540496502159438,1.0854718764230011,Acentria Reinsurance,Agriculture,0.443,4666051,EUR,3851017.9600000004,3101250.56,2338496.9000000004,AA+
P-00406,2024-03-01,Europe,Accident & Health,2398314,2201777,1402164,0.6368328854375352,0.905041593851833,Munich Re,Cyber,1.318,3586063,KES,17507.6922,16072.9721,10235.7972,BBB
P-00407,2024-01-01,Asia Pacific,Engineering,2704453,1583804,1087956,0.6869259074986551,0.9754539925036096,Coastal Mutual,Liability,1.12,4037798,EUR,2947853.77,1726346.36,1185872.04,AA+
P-00408,2024-02-01,Europe,Motor,1067000,955577,510716,0.5344582383209308,1.0137107064942295,SCOR,Health,0.446,1545433,KES,7789.1,6975.7121,3728.2268,BBB
P-00409,2024-03-01,Caribbean,Motor,1548360,972094,199216,0.20493491370176134,0.33064463266999755,Swiss Re,Liability,1.331,2244628,KES,11303.028,7096.2862000000005,1454.2768,BBB
P-00410,2024-02-01,Caribbean,Energy,3351696,2939333,1405305,0.478103365627508,0.8004532328133074,Acentria Reinsurance,Liability,1.081,4531645,KES,24467.3808,21457.1309,10258.7265,BBB
P-00411,2024-01-01,Nordics,Accident & Health,6442790,4925961,1477701,0.29998227756979806,0.7650024535596095,Acentria Reinsurance,Agriculture,0.375,9648508,USD,6442790.0,4925961.0,1477701.0,AAA
P-00412,2024-02-01,Africa,Engineering,3324014,2851224,397584,0.13944327067953974,0.39827769429462645,Hollard Re,Political,0.772,4304689,EUR,3623175.2600000002,3107834.16,433366.56000000006,AA+
P-00413,2024-04-01,Asia Pacific,Marine,5190369,3574268,2517621,0.7043738745947422,0.7561978224024618,AgriProtect,Cyber,0.941,5825940,EUR,5657502.21,3895952.12,2744206.89,AA+
P-00414,2024-04-01,Asia Pacific,Marine,2226878,1660061,428432,0.2580820825258831,0.5275574275546476,Hollard Re,Weather,1.314,2050864,USD,2226878.0,1660061.0,428432.0,AAA
P-00415,2024-02-01,Africa,Engineering,1837251,1047736,254120,0.24254201440057419,0.6516417314313157,Metro Insurers Ltd,Political,0.448,2108971,EUR,2002603.59,1142032.24,276990.80000000005,AA+
P-00416,2024-04-01,North America,Marine,3552971,2946771,1875374,0.6364166065160815,1.0596918291132678,Africa Re,Operational,0.901,4663950,USD,3552971.0,2946771.0,1875374.0,AAA
P-00417,2024-01-01,Africa,Liability,1299254,1137531,280029,0.24617263177882626,0.4080777588494163,SCOR,Cyber,0.897,1685615,EUR,1416186.86,1239908.79,305231.61000000004,AA+
P-00418,2024-01-01,Europe,Agriculture,3673028,3365977,1112572,0.33053464120521325,0.38400087706900454,SCOR,Agriculture,0.588,4802491,EUR,4003600.5200000005,3668914.93,1212703.48,AA+
P-00419,2024-03-01,North America,Marine,6223174,3976256,1300170,0.3269834739010768,0.4799837401235239,Kenya Reinsurance Corporation,Health,0.68,7088821,EUR,6783259.66,4334119.04,1417185.3,AA+
P-00420,2024-01-01,North America,Engineering,4049156,3647241,662724,0.18170556867506152,0.6085958035106931,Hollard Re,Cyber,1.097,5451102,USD,4049156.0,3647241.0,662724.0,AAA
P-00421,2024-02-01,Kenya,Accident & Health,1666023,1476799,382651,0.25910838238649947,0.5992457022992984,Old Mutual Re Africa,Operational,0.406,1984538,KES,12161.9679,10780.6327,2793.3523,BBB
P-00422,2024-02-01,Africa,Motor,2576855,2075283,831459,0.4006484898686107,0.8786566562789874,Acentria Reinsurance,Weather,0.497,2672550,EUR,2808771.95,2262058.47,906290.31,AA+
P-00423,2024-02-01,Nordics,Energy,2159883,1853886,189008,0.101952331481008,0.32801573793326033,Coastal Mutual,Nat Cat,0.393,2922713,USD,2159883.0,1853886.0,189008.0,AAA
P-00424,2024-01-01,Nordics,Motor,3060299,2037600,1492616,0.7325363172359639,1.1406591535939796,Old Mutual Re Africa,Cyber,0.459,4118265,USD,3060299.0,2037600.0,1492616.0,AAA
P-00425,2024-03-01,Asia Pacific,Accident & Health,4427990,3645071,2188897,0.6005087418050293,0.9144708831904732,Coastal Mutual,Weather,0.56,4072221,USD,4427990.0,3645071.0,2188897.0,AAA
P-00426,2024-04-01,Nordics,Motor,5901211,3555821,691717,0.19453088330374335,0.2637932210339029,Partner Re,Health,0.641,5611643,USD,5901211.0,3555821.0,691717.0,AAA
P-00427,2024-04-01,Nordics,Liability,3957372,3417874,1485543,0.43463948641758005,0.8869784253506204,Hollard Re,Health,0.584,3796237,USD,3957372.0,3417874.0,1485543.0,AAA
P-00428,2024-03-01,North America,Agriculture,824949,644999,114157,0.17698787129902527,0.6537024893404595,Africa Re,Nat Cat,0.562,867850,EUR,899194.41,703048.91,124431.13,AA+
P-00429,2024-03-01,Nordics,Motor,7105342,5626279,2329292,0.41400222065062897,0.5720203291340391,Swiss Re,Health,0.905,10016881,EUR,7744822.78,6132644.11,2538928.2800000003,AA+
P-00430,2024-03-01,Europe,Engineering,1693016,1416329,309234,0.2183348642864758,0.5914009501251007,Coastal Mutual,Political,0.394,2485378,KES,12359.0168,10339.2017,2257.4082,BBB
P-00431,2024-03-01,Nordics,Marine,687782,406045,99804,0.24579541676415176,0.5186221951188197,AgriProtect,Market,1.239,817567,KES,5020.8086,2964.1285,728.5692,BBB
P-00432,2024-01-01,Australia & Pacific,Marine,7662795,4980959,3205733,0.6435975481829904,0.8589000757599863,Munich Re,Political,1.131,8102487,KES,55938.4035,36361.0007,23401.8509,BBB
P-00433,2024-01-01,Kenya,Motor,7831305,4505742,1329004,0.2949578559979688,0.5634121342460205,Coastal Mutual,Agriculture,1.336,11562050,USD,7831305.0,4505742.0,1329004.0,AAA
P-00434,2024-03-01,North America,Marine,2111667,1808869,1236957,0.6838289561046157,0.9789521447110705,Old Mutual Re Africa,Health,0.919,2675631,USD,2111667.0,1808869.0,1236957.0,AAA
P-00435,2024-03-01,North America,Energy,7547038,5559123,2497450,0.44925251698874086,0.536700513747964,AgriProtect,Liability,0.708,9288117,EUR,8226271.420000001,6059444.07,2722220.5,AA+
P-00436,2024-02-01,Latin America,Engineering,3611774,2736410,1470645,0.5374359105543395,1.0019116406666542,Africa Re,Political,1.201,3425804,USD,3611774.0,2736410.0,1470645.0,AAA
P-00437,2024-02-01,Kenya,Liability,7750049,5329581,1864501,0.3498400718555549,0.7058878614474879,Hollard Re,Nat Cat,1.216,9220417,USD,7750049.0,5329581.0,1864501.0,AAA
P-00438,2024-03-01,North America,Engineering,6039416,4193325,3350628,0.7990384718570586,0.8684868901692597,Old Mutual Re Africa,Health,0.83,8950118,USD,6039416.0,4193325.0,3350628.0,AAA
P-00439,2024-02-01,Europe,Property,3067738,2161720,633778,0.2931822807764188,0.5608328013248802,Munich Re,Liability,1.217,3286272,USD,3067738.0,2161720.0,633778.0,AAA
P-00440,2024-01-01,Nordics,Agriculture,1323658,1107217,794616,0.7176696167056683,1.1070142245462609,Africa Re,Nat Cat,1.341,1694215,EUR,1442787.2200000002,1206866.53,866131.4400000001,AA+
P-00441,2024-03-01,Europe,Liability,6333689,3495633,3311648,0.9473671864294678,1.35,AgriProtect,Market,1.113,6341591,USD,6333689.0,3495633.0,3311648.0,AAA
P-00442,2024-02-01,Africa,Motor,3400573,1871422,1550795,0.8286719938100546,0.9671162450376163,AgriProtect,Liability,0.925,4227566,USD,3400573.0,1871422.0,1550795.0,AAA
P-00443,2024-01-01,Europe,Energy,7357475,4171463,883143,0.21171061567608296,0.6318196545343713,Coastal Mutual,Market,0.522,7557503,EUR,8019647.750000001,4546894.67,962625.8700000001,AA+
P-00444,2024-03-01,Europe,Engineering,1776357,1409623,438200,0.3108632591834838,0.6263187368231058,Kenya Reinsurance Corporation,Weather,0.961,2209942,EUR,1936229.1300000001,1536489.07,477638.00000000006,AA+
P-00445,2024-02-01,North America,Liability,424223,341322,167248,0.4900006445526512,0.7373282334665885,Swiss Re,Liability,0.885,471383,EUR,462403.07,372040.98000000004,182300.32,AA+
P-00446,2024-03-01,Africa,Engineering,435622,346437,191019,0.5513816364880195,0.8006119109753603,Hannover Re,Operational,1.102,518301,KES,3180.0406,2528.9901,1394.4387,BBB
P-00447,2024-02-01,Asia Pacific,Property,1560768,1314614,789153,0.6002925573590423,1.0109084321135313,AgriProtect,Agriculture,1.155,2292719,EUR,1701237.12,1432929.26,860176.77,AA+
P-00448,2024-03-01,Africa,Energy,5820497,4540546,1569531,0.3456701022299961,0.7511928470544477,SCOR,Liability,0.6,5556158,KES,42489.6281,33145.9858,11457.5763,BBB
P-00449,2024-04-01,Africa,Motor,4751118,3131161,596744,0.1905823430989336,0.351137853044841,Acentria Reinsurance,Operational,0.769,5167195,EUR,5178718.62,3412965.49,650450.9600000001,AA+
P-00450,2024-04-01,Africa,Accident & Health,1522902,1274816,432456,0.3392301320347407,0.6307924338029058,SCOR,Liability,0.956,1397297,USD,1522902.0,1274816.0,432456.0,AAA
P-00451,2024-03-01,North America,Accident & Health,5318961,3341032,1487092,0.4450995979685319,0.896218303471068,Kenya Reinsurance Corporation,Agriculture,0.419,5994102,EUR,5797667.49,3641724.8800000004,1620930.28,AA+
P-00452,2024-03-01,Latin America,Property,6918075,4155266,3472534,0.8356947545596359,1.2657287479217252,Partner Re,Health,0.891,9700434,EUR,7540701.750000001,4529239.94,3785062.06,AA+
P-00453,2024-01-01,Africa,Marine,462869,309736,211694,0.683465919363587,0.7638783753279341,Coastal Mutual,Agriculture,1.127,598281,USD,462869.0,309736.0,211694.0,AAA
P-00454,2024-02-01,Nordics,Liability,1333666,1179687,524333,0.4444678969930159,0.7308812933614154,AgriProtect,Political,1.288,1424638,USD,1333666.0,1179687.0,524333.0,AAA
P-00455,2024-03-01,Kenya,Property,5556374,3496020,1602371,0.4583414854606095,0.6253685290193082,AgriProtect,Market,0.366,7304652,KES,40561.5302,25520.946,11697.3083,BBB
P-00456,2024-02-01,Europe,Accident & Health,608587,477683,207277,0.4339216593431209,0.5875585126015197,AgriProtect,Nat Cat,0.412,718891,KES,4442.6851,3487.0859,1513.1221,BBB
P-00457,2024-02-01,Latin America,Marine,6993224,4266443,2633017,0.6171457113103351,1.089380389124717,Africa Re,Agriculture,1.087,7894999,EUR,7622614.16,4650422.87,2869988.5300000003,AA+
P-00458,2024-01-01,Europe,Agriculture,3256456,2173585,409501,0.1883988893924093,0.4479553739458755,Swiss Re,Cyber,1.037,4167348,KES,23772.1288,15867.1705,2989.3573,BBB
P-00459,2024-02-01,Asia Pacific,Engineering,726891,452351,107414,0.23745719585012523,0.7086446931428064,Swiss Re,Agriculture,0.831,673294,EUR,792311.1900000001,493062.59,117081.26000000001,AA+
P-00460,2024-04-01,Europe,Marine,7407982,5181384,1268707,0.24485870956485759,0.6233908206122615,Kenya Reinsurance Corporation,Nat Cat,0.997,10423134,KES,54078.2686,37824.1032,9261.5611,BBB
P-00461,2024-03-01,North America,Agriculture,2509259,2121348,1097582,0.5173983712243347,0.8461732439812057,Hollard Re,Market,0.681,3036928,KES,18317.5907,15485.840400000001,8012.3486,BBB
P-00462,2024-02-01,Africa,Motor,2885898,1672057,833303,0.4983699718370845,0.9327524645372851,SCOR,Market,1.115,3085639,EUR,3145628.8200000003,1822542.1300000001,908300.27,AA+
P-00463,2024-04-01,Europe,Engineering,5254661,4372827,2757559,0.6306124161783669,0.7513788827312431,Partner Re,Nat Cat,1.115,5346522,EUR,5727580.49,4766381.430000001,3005739.31,AA+
P-00464,2024-02-01,Asia Pacific,Motor,1653743,1449149,988501,0.6821251644930921,0.8063449790339855,Old Mutual Re Africa,Health,0.48,1836871,EUR,1802579.87,1579572.4100000001,1077466.09,AA+
P-00465,2024-01-01,Europe,Accident & Health,6041779,4695460,2085179,0.4440840727000124,0.5005742246536443,Partner Re,Political,1.108,8232746,KES,44104.9867,34276.858,15221.806700000001,BBB
P-00466,2024-04-01,North America,Energy,5401213,3153570,2657965,0.8428431904159412,1.0476331940532786,Acentria Reinsurance,Market,0.974,7601175,USD,5401213.0,3153570.0,2657965.0,AAA
P-00467,2024-03-01,Nordics,Accident & Health,976168,547838,248182,0.453020783516295,0.817628072443513,Hollard Re,Political,1.024,988816,USD,976168.0,547838.0,248182.0,AAA
P-00468,2024-02-01,Australia & Pacific,Energy,1224211,1085375,224833,0.2071477599907866,0.5869843176111433,SCOR,Agriculture,0.437,1352303,KES,8936.7403,7923.2375,1641.2809,BBB
P-00469,2024-04-01,Nordics,Property,3190150,2297998,829203,0.36083712866590834,0.5995524249113311,Old Mutual Re Africa,Market,1.309,4010035,EUR,3477263.5000000005,2504817.8200000003,903831.27,AA+
P-00470,2024-03-01,Caribbean,Liability,3104480,2754337,637518,0.23145969429303676,0.5530801857431695,AgriProtect,Cyber,0.49,4445718,KES,22662.704,20106.6601,4653.8814,BBB
P-00471,2024-03-01,Caribbean,Energy,3726610,2107642,1931266,0.9163159587823738,1.3383298378883381,Partner Re,Market,1.043,3883689,EUR,4062004.9000000004,2297329.7800000003,2105079.94,AA+
P-00472,2024-02-01,Europe,Agriculture,1293597,800265,129876,0.16229124102641,0.41603261767657673,Metro Insurers Ltd,Cyber,0.512,1939120,EUR,1410020.7300000002,872288.8500000001,141564.84,AA+
P-00473,2024-04-01,Latin America,Liability,7422739,4756969,2232236,0.46925594848316227,0.5770766791736588,Swiss Re,Nat Cat,0.819,10332071,USD,7422739.0,4756969.0,2232236.0,AAA
P-00474,2024-04-01,Latin America,Energy,5584413,3495112,2783378,0.7963630350043146,0.8563686048910448,Swiss Re,Operational,1.294,5205920,USD,5584413.0,3495112.0,2783378.0,AAA
P-00475,2024-04-01,Asia Pacific,Energy,7071700,5894744,1724783,0.2925967607753619,0.766192389226674,Hollard Re,Operational,0.728,8821864,USD,7071700.0,5894744.0,1724783.0,AAA
P-00476,2024-02-01,Australia & Pacific,Property,7819047,5252421,1565590,0.2980701661195856,0.7627145494924282,AgriProtect,Operational,0.451,9423695,EUR,8522761.23,5725138.890000001,1706493.1,AA+
P-00477,2024-02-01,Australia & Pacific,Motor,3599338,2228942,1507992,0.6765505787050538,0.9149060667357387,Partner Re,Agriculture,0.488,3296038,EUR,3923278.4200000004,2429546.7800000003,1643711.28,AA+
P-00478,2024-03-01,Europe,Energy,1462066,839592,848451,1.0105515536117542,1.161875296096664,Partner Re,Market,0.73,2025340,KES,10673.0818,6129.0216,6193.6923,BBB
P-00479,2024-03-01,Kenya,Accident & Health,388093,338256,65495,0.19362553805401825,0.6340291050857355,Aspire Re,Market,1.254,575970,EUR,423021.37000000005,368699.04000000004,71389.55,AA+
P-00480,2024-04-01,Europe,Liability,1020000,660912,91474,0.1384057181591498,0.28131566547891035,AgriProtect,Liability,1.125,1153888,KES,7446.0,4824.6576000000005,667.7602,BBB
P-00481,2024-04-01,Nordics,Agriculture,1675284,1417023,583490,0.41177172141877727,0.878882602228405,Coastal Mutual,Political,1.231,2249592,EUR,1826059.56,1544555.07,636004.1000000001,AA+
P-00482,2024-01-01,Africa,Engineering,2767690,2497309,737937,0.2954928685236789,0.572086481020008,Hannover Re,Political,1.126,3084054,USD,2767690.0,2497309.0,737937.0,AAA
P-00483,2024-02-01,North America,Marine,2354256,1877514,380066,0.20243044792209272,0.4768626738880968,Hannover Re,Market,1.25,3165364,USD,2354256.0,1877514.0,380066.0,AAA
P-00484,2024-01-01,Kenya,Agriculture,7790422,4809434,4100960,0.8526907740079186,1.3244555456025808,Aspire Re,Nat Cat,0.661,10321882,USD,7790422.0,4809434.0,4100960.0,AAA
P-00485,2024-02-01,Kenya,Liability,2337156,2050789,605669,0.29533462486877005,0.3745149942504367,Partner Re,Health,0.72,2939661,USD,2337156.0,2050789.0,605669.0,AAA
P-00486,2024-02-01,Kenya,Accident & Health,362570,217209,74741,0.34409715987827394,0.7165782244790537,Munich Re,Nat Cat,0.659,523550,EUR,395201.30000000005,236757.81000000003,81467.69,AA+
P-00487,2024-04-01,Kenya,Accident & Health,1137173,757680,387299,0.511164343786295,0.8611260537269311,Swiss Re,Political,0.761,1532527,EUR,1239518.57,825871.2000000001,422155.91000000003,AA+
P-00488,2024-01-01,Nordics,Marine,4824684,2828243,740562,0.2618452516279542,0.46568682117697807,Metro Insurers Ltd,Health,0.772,5805855,EUR,5258905.5600000005,3082784.87,807212.5800000001,AA+
P-00489,2024-04-01,Australia & Pacific,Accident & Health,3902632,2490208,1383583,0.5556094109407729,0.6620668759107409,Partner Re,Liability,1.147,4734012,EUR,4253868.88,2714326.72,1508105.4700000002,AA+
P-00490,2024-04-01,Africa,Engineering,2090646,1497884,488510,0.3261333988479749,0.44810869046226653,Coastal Mutual,Liability,1.135,2630840,EUR,2278804.14,1632693.56,532475.9,AA+
P-00491,2024-02-01,Asia Pacific,Property,529431,472389,111860,0.23679636909411522,0.39230755599509487,Hannover Re,Liability,0.624,775170,KES,3864.8463,3448.4397,816.578,BBB
P-00492,2024-03-01,Europe,Engineering,3368628,2035159,369435,0.18152635740008521,0.6387519766254801,SCOR,Nat Cat,0.676,3558131,USD,3368628.0,2035159.0,369435.0,AAA
P-00493,2024-01-01,Europe,Motor,7927009,5961689,2077261,0.34843498209987134,0.7034057140961756,Hollard Re,Agriculture,0.672,7968874,KES,57867.1657,43520.3297,15164.0053,BBB
P-00494,2024-01-01,Kenya,Energy,5680448,3433979,584153,0.17010965996006383,0.30578729637538954,Swiss Re,Agriculture,0.591,5743848,USD,5680448.0,3433979.0,584153.0,AAA
P-00495,2024-03-01,Middle East & Africa,Property,4998832,3773232,2196488,0.5821237602140552,0.6729532474621733,Africa Re,Market,0.699,6656431,USD,4998832.0,3773232.0,2196488.0,AAA
P-00496,2024-04-01,Caribbean,Engineering,3106962,1760420,1083913,0.6157127276445393,0.7546179177940794,Swiss Re,Agriculture,0.843,3049364,USD,3106962.0,1760420.0,1083913.0,AAA
P-00497,2024-01-01,Caribbean,Motor,6819399,4123396,3776575,0.9158894755681967,1.348198349261412,Africa Re,Liability,0.388,7934194,KES,49781.6127,30100.7908,27568.9975,BBB
P-00498,2024-04-01,Australia & Pacific,Marine,4024653,3141447,1823700,0.5805286544703763,0.6372681009663955,Acentria Reinsurance,Weather,0.521,4412461,KES,29379.9669,22932.5631,13313.01,BBB
P-00499,2024-02-01,Caribbean,Accident & Health,422924,348458,165481,0.47489510931016077,0.9514338224316865,Coastal Mutual,Liability,1.207,561841,USD,422924.0,348458.0,165481.0,AAA
P-00500,2024-04-01,Australia & Pacific,Energy,6709821,5966872,771581,0.12931080137130477,0.5343560073266101,Acentria Reinsurance,Market,1.179,8750948,EUR,7313704.890000001,6503890.48,841023.29,AA+
P-00501,2024-04-01,Middle East & Africa,Accident & Health,743881,678215,254348,0.3750256187197275,0.6608328865663011,Old Mutual Re Africa,Agriculture,0.355,716259,EUR,810830.29,739254.3500000001,277239.32,AA+
P-00502,2024-01-01,Africa,Engineering,2161214,1191254,503848,0.422955977482552,0.8899930794870134,Acentria Reinsurance,Agriculture,0.682,2832591,USD,2161214.0,1191254.0,503848.0,AAA
P-00503,2024-01-01,Africa,Energy,2868313,1752537,737381,0.4207506032682905,0.8668313906037671,Munich Re,Operational,1.061,2951017,KES,20938.6849,12793.5201,5382.8813,BBB
P-00504,2024-01-01,Middle East & Africa,Accident & Health,2164849,1381599,494655,0.35803080343862437,0.6001990237390562,Acentria Reinsurance,Liability,0.56,2809147,KES,15803.3977,10085.672700000001,3610.9815,BBB
P-00505,2024-02-01,Kenya,Liability,1466413,1009853,715552,0.7085704553038907,1.020183267255408,Coastal Mutual,Operational,1.022,1626418,EUR,1598390.1700000002,1100739.77,779951.68,AA+
P-00506,2024-02-01,North America,Energy,98328,68075,52820,0.7759089239809034,1.221172902927938,Munich Re,Political,0.796,88808,EUR,107177.52,74201.75,57573.8,AA+
P-00507,2024-01-01,Asia Pacific,Engineering,1469283,823593,282043,0.34245434334677444,0.6430571709954785,Aspire Re,Nat Cat,1.166,1405241,EUR,1601518.4700000002,897716.3700000001,307426.87,AA+
P-00508,2024-01-01,North America,Marine,6920254,6295467,717890,0.11403284299639725,0.42095956903981846,Metro Insurers Ltd,Nat Cat,1.074,7917339,EUR,7543076.86,6862059.03,782500.1000000001,AA+
P-00509,2024-01-01,Middle East & Africa,Accident & Health,5961219,3414336,1216723,0.3563571364974039,0.8263735475352156,Acentria Reinsurance,Weather,0.971,6335695,KES,43516.8987,24924.6528,8882.0779,BBB
P-00510,2024-02-01,Australia & Pacific,Accident & Health,3614845,2849798,1101767,0.3866123142763101,0.7072855427548466,SCOR,Political,0.602,4320198,KES,26388.3685,20803.5254,8042.8991,BBB
P-00511,2024-03-01,Kenya,Engineering,2748791,2018553,699327,0.3464496597315007,0.7406551445466563,Metro Insurers Ltd,Market,0.431,3572202,USD,2748791.0,2018553.0,699327.0,AAA
P-00512,2024-01-01,Europe,Liability,2369508,1431043,598078,0.4179315366484445,0.8375290704101991,Partner Re,Nat Cat,1.157,2792594,USD,2369508.0,1431043.0,598078.0,AAA
P-00513,2024-03-01,Latin America,Accident & Health,4519416,3085266,2692912,0.8728297657317068,1.2163777538748208,AgriProtect,Weather,0.489,6672317,USD,4519416.0,3085266.0,2692912.0,AAA
P-00514,2024-01-01,Nordics,Energy,4808584,4208290,1030136,0.2447873126614373,0.51219789968778,SCOR,Health,1.258,6009943,USD,4808584.0,4208290.0,1030136.0,AAA
P-00515,2024-03-01,Africa,Marine,5468090,4103848,2289239,0.5578274341544813,0.9335802213789003,Africa Re,Liability,0.936,4981046,KES,39917.057,29958.0904,16711.4447,BBB
P-00516,2024-03-01,Caribbean,Agriculture,5147631,3358416,1439011,0.4284790806141943,0.8130020337395227,Hollard Re,Nat Cat,0.875,5167492,EUR,5610917.79,3660673.4400000004,1568521.9900000002,AA+
P-00517,2024-02-01,Africa,Agriculture,213993,125962,97790,0.7763452469792477,1.1363885961672455,Swiss Re,Operational,0.787,216075,USD,213993.0,125962.0,97790.0,AAA
P-00518,2024-01-01,Asia Pacific,Motor,7931502,6292432,3977146,0.6320522812165471,1.075407334613817,Swiss Re,Agriculture,0.574,8982870,USD,7931502.0,6292432.0,3977146.0,AAA
P-00519,2024-03-01,Africa,Motor,2002076,1287586,245456,0.19063270336894,0.3424595952950623,Partner Re,Agriculture,0.433,2530017,KES,14615.1548,9399.3778,1791.8288,BBB
P-00520,2024-03-01,Africa,Motor,3581046,2902448,2094842,0.7217500537477329,1.1149847280296266,Old Mutual Re Africa,Political,0.579,3635271,KES,26141.6358,21187.8704,15292.3466,BBB
P-00521,2024-01-01,Nordics,Liability,3557257,2353201,288299,0.12251354644163419,0.5160319668697569,Partner Re,Market,0.389,4641676,USD,3557257.0,2353201.0,288299.0,AAA
P-00522,2024-04-01,Caribbean,Property,5242156,3958031,2419229,0.6112203264704091,1.0171761184133232,Acentria Reinsurance,Weather,0.962,5691011,EUR,5713950.04,4314253.79,2636959.6100000003,AA+
P-00523,2024-02-01,Middle East & Africa,Energy,5327413,3670473,1623624,0.4423473486932066,0.8362690816023358,AgriProtect,Political,0.903,5426021,EUR,5806880.170000001,4000815.5700000003,1769750.1600000001,AA+
P-00524,2024-04-01,North America,Liability,6485001,4502741,1787269,0.3969291149546465,0.7730921214320423,Old Mutual Re Africa,Cyber,0.522,9261159,EUR,7068651.090000001,4907987.69,1948123.2100000002,AA+
P-00525,2024-04-01,Caribbean,Agriculture,6553297,4239703,3837812,0.9052077468634006,1.35,AgriProtect,Cyber,0.792,7624438,KES,47839.068100000004,30949.8319,28016.0276,BBB
P-00526,2024-01-01,Latin America,Engineering,5648201,3445445,914785,0.26550561683614166,0.547215282864893,Metro Insurers Ltd,Cyber,0.922,5866108,EUR,6156539.090000001,3755535.0500000003,997115.65,AA+
P-00527,2024-02-01,Asia Pacific,Energy,2130341,1401910,296708,0.21164554072658018,0.45323629767269447,Partner Re,Cyber,1.197,3089502,USD,2130341.0,1401910.0,296708.0,AAA
P-00528,2024-02-01,Middle East & Africa,Property,7232540,5859024,4584893,0.7825352823268859,1.064905636238397,AgriProtect,Agriculture,0.898,9996153,USD,7232540.0,5859024.0,4584893.0,AAA
P-00529,2024-03-01,Nordics,Marine,1759169,1331735,346216,0.25997364340503176,0.35990203459383596,Acentria Reinsurance,Health,1.157,1886381,EUR,1917494.2100000002,1451591.1500000001,377375.44,AA+
P-00530,2024-02-01,Latin America,Motor,2139791,1285736,1221689,0.9501865079611989,1.35,Kenya Reinsurance Corporation,Health,0.452,2417866,KES,15620.4743,9385.8728,8918.3297,BBB
P-00531,2024-01-01,Middle East & Africa,Engineering,7896658,5522144,1711021,0.309847226004972,0.3979931375639357,Africa Re,Cyber,0.832,11776306,EUR,8607357.22,6019136.960000001,1865012.8900000001,AA+
P-00532,2024-02-01,Latin America,Engineering,5969350,4376077,682638,0.15599314180257798,0.44665039658476535,SCOR,Agriculture,0.946,6099798,USD,5969350.0,4376077.0,682638.0,AAA
P-00533,2024-02-01,Middle East & Africa,Agriculture,7513199,4576806,867367,0.18951360402866105,0.44841642363945655,Metro Insurers Ltd,Health,0.594,9373411,KES,54846.3527,33410.6838,6331.7791,BBB
P-00534,2024-03-01,Middle East & Africa,Accident & Health,5187938,3126096,2051801,0.6563461262865887,0.7825194404854128,Kenya Reinsurance Corporation,Market,0.487,6444568,EUR,5654852.420000001,3407444.64,2236463.0900000003,AA+
P-00535,2024-04-01,Europe,Marine,4560693,3012965,1648809,0.5472380196915663,0.7863803707697942,SCOR,Weather,1.188,6113636,KES,33293.0589,21994.6445,12036.3057,BBB
P-00536,2024-04-01,Latin America,Liability,4365583,2664147,1422852,0.5340741332966987,0.8640617392031373,Hannover Re,Liability,0.425,5031766,USD,4365583.0,2664147.0,1422852.0,AAA
P-00537,2024-02-01,Kenya,Liability,266100,178450,111850,0.6267862146259456,0.6808448753914582,Hollard Re,Agriculture,0.727,291523,EUR,290049.0,194510.5,121916.50000000001,AA+
P-00538,2024-04-01,Africa,Motor,7836820,6556689,4397110,0.6706296424918126,1.0909135444888207,Hollard Re,Nat Cat,0.436,8176689,KES,57208.786,47863.8297,32098.903000000002,BBB
P-00539,2024-02-01,Caribbean,Energy,5351428,4597691,1117756,0.2431124666707702,0.5883453883303101,Africa Re,Cyber,0.835,6780537,USD,5351428.0,4597691.0,1117756.0,AAA
P-00540,2024-02-01,Middle East & Africa,Marine,3443145,2856261,333827,0.11687552363036852,0.2994516183579904,Aspire Re,Operational,1.007,3753215,EUR,3753028.0500000003,3113324.49,363871.43000000005,AA+
P-00541,2024-01-01,Asia Pacific,Liability,2345012,1757932,708589,0.4030810065463283,0.8342740564958129,Aspire Re,Weather,0.611,2382158,KES,17118.5876,12832.9036,5172.6997,BBB
P-00542,2024-02-01,Latin America,Marine,705583,541189,223546,0.413064567092088,0.536047298484454,Hollard Re,Agriculture,0.699,974041,KES,5150.7559,3950.6797,1631.8858,BBB
P-00543,2024-01-01,Asia Pacific,Accident & Health,3883244,3512215,794256,0.22614105343778784,0.35973550332751075,Partner Re,Nat Cat,0.88,4905133,KES,28347.6812,25639.1695,5798.0688,BBB
P-00544,2024-03-01,Latin America,Marine,4598149,2877618,2164916,0.7523291833731927,1.0172905373547252,Metro Insurers Ltd,Market,0.439,6245441,EUR,5011982.41,3136603.62,2359758.44,AA+
P-00545,2024-02-01,Caribbean,Accident & Health,2074085,1151171,220337,0.19140249363474235,0.6636348916857255,Metro Insurers Ltd,Market,0.644,3002974,KES,15140.8205,8403.5483,1608.4601,BBB
P-00546,2024-04-01,Asia Pacific,Motor,7966585,6863015,1251461,0.1823485742053602,0.4310500754933393,Hannover Re,Political,0.505,10269280,EUR,8683577.65,7480686.350000001,1364092.49,AA+
P-00547,2024-03-01,Nordics,Accident & Health,5746546,5213684,3320340,0.6368510251100757,0.9339444865171065,AgriProtect,Political,0.896,8366941,EUR,6263735.140000001,5682915.5600000005,3619170.6,AA+
P-00548,2024-02-01,Caribbean,Motor,5409765,3184260,2160082,0.6783623196598267,0.9212836837498999,Acentria Reinsurance,Market,0.708,7504973,KES,39491.2845,23245.098,15768.5986,BBB
P-00549,2024-04-01,North America,Energy,3148090,1843217,1782302,0.9669518022023451,1.0989561023537169,Hollard Re,Weather,1.163,3993305,KES,22981.057,13455.4841,13010.8046,BBB
P-00550,2024-02-01,Kenya,Engineering,3192286,1953407,1333976,0.6828971125832968,0.9477116908889602,Coastal Mutual,Operational,0.881,3010230,KES,23303.6878,14259.8711,9738.0248,BBB
P-00551,2024-04-01,North America,Motor,494997,413897,220133,0.5318545435216975,0.7004751184896121,Aspire Re,Nat Cat,0.988,729264,KES,3613.4781,3021.4481,1606.9709,BBB
P-00552,2024-01-01,Nordics,Agriculture,7626624,4232768,3226712,0.7623172354355353,1.132339160852558,Swiss Re,Political,0.494,9221867,KES,55674.3552,30899.2064,23554.9976,BBB
P-00553,2024-04-01,Nordics,Agriculture,874900,493511,518594,1.050825614829254,1.35,Kenya Reinsurance Corporation,Nat Cat,0.505,1289442,KES,6386.77,3602.6303,3785.7362,BBB
P-00554,2024-02-01,Latin America,Engineering,7247832,4907365,3502725,0.7137689982302111,0.897610851775455,Coastal Mutual,Agriculture,0.411,7140528,EUR,7900136.880000001,5349027.850000001,3817970.2500000005,AA+
P-00555,2024-04-01,Australia & Pacific,Liability,4447489,3440189,2809564,0.8166888505253636,0.9294846313244672,Hollard Re,Weather,0.758,4048832,EUR,4847763.010000001,3749806.0100000002,3062424.7600000002,AA+
P-00556,2024-04-01,Australia & Pacific,Energy,882761,551675,455109,0.8249585353695563,0.8865407927074908,Hollard Re,Liability,0.928,1105350,USD,882761.0,551675.0,455109.0,AAA
P-00557,2024-03-01,Latin America,Engineering,7452413,5538726,4541321,0.8199215848554343,1.1074660383248862,Hollard Re,Operational,0.869,9343177,USD,7452413.0,5538726.0,4541321.0,AAA
P-00558,2024-04-01,Australia & Pacific,Marine,423149,313027,196779,0.6286326738588045,1.0832800441352748,Acentria Reinsurance,Nat Cat,1.057,459510,EUR,461232.41000000003,341199.43000000005,214489.11000000002,AA+
P-00559,2024-01-01,Latin America,Agriculture,6870427,5275051,825965,0.15657952880455564,0.27657655079817317,Aspire Re,Cyber,0.666,6826246,EUR,7488765.430000001,5749805.590000001,900301.8500000001,AA+
P-00560,2024-04-01,Africa,Motor,953070,716184,572684,0.7996324966768317,1.0561914923654139,Aspire Re,Political,0.746,1269928,EUR,1038846.3,780640.56,624225.56,AA+
P-00561,2024-03-01,Latin America,Accident & Health,6538573,4968300,4127170,0.8307006420707285,1.0252279161082174,Partner Re,Cyber,0.862,7607843,EUR,7127044.57,5415447.0,4498615.300000001,AA+
P-00562,2024-03-01,Europe,Motor,6298211,3963239,1461721,0.3688197961313966,0.6203263814828257,Old Mutual Re Africa,Nat Cat,1.342,8592227,EUR,6865049.99,4319930.510000001,1593275.8900000001,AA+
P-00563,2024-02-01,Europe,Engineering,3045552,2633475,1167059,0.44316312097134014,0.6547089630861018,Hannover Re,Political,1.194,3681532,EUR,3319651.68,2870487.75,1272094.31,AA+
P-00564,2024-01-01,Africa,Liability,3293085,2473993,1365795,0.5520609799623524,0.7972275935622635,Swiss Re,Operational,0.719,3297969,EUR,3589462.6500000004,2696652.37,1488716.55,AA+
P-00565,2024-03-01,Kenya,Property,3401134,1974165,2168408,1.0983924849240059,1.35,Coastal Mutual,Operational,0.478,4987782,USD,3401134.0,1974165.0,2168408.0,AAA
P-00566,2024-02-01,Caribbean,Property,3782410,3407614,659654,0.193582371712289,0.27362123446428893,Acentria Reinsurance,Agriculture,1.346,3915281,EUR,4122826.9000000004,3714299.2600000002,719022.8600000001,AA+
P-00567,2024-01-01,Asia Pacific,Marine,1216097,932259,763361,0.8188293167456683,0.8798945948566596,SCOR,Nat Cat,1.164,1215930,USD,1216097.0,932259.0,763361.0,AAA
P-00568,2024-01-01,Middle East & Africa,Liability,5856287,3518674,2078275,0.590641531440537,0.8599120247143774,Swiss Re,Agriculture,0.468,8139198,EUR,6383352.83,3835354.66,2265319.75,AA+
P-00569,2024-01-01,Middle East & Africa,Agriculture,2806873,2329166,717177,0.30791150137001827,0.5355289459921584,Kenya Reinsurance Corporation,Weather,1.114,3437075,EUR,3059491.5700000003,2538790.9400000004,781722.93,AA+
P-00570,2024-01-01,Asia Pacific,Property,6929574,5051907,1283925,0.2541466024612092,0.5111494858048484,Hannover Re,Agriculture,1.144,8068192,KES,50585.8902,36878.9211,9372.6525,BBB
P-00571,2024-04-01,Europe,Liability,7298658,5414409,3764289,0.695235435668048,0.9653653192349136,Munich Re,Political,1.333,9769958,USD,7298658.0,5414409.0,3764289.0,AAA
P-00572,2024-02-01,Kenya,Engineering,1620933,956501,312406,0.32661335429863636,0.39681092566164283,Old Mutual Re Africa,Market,1.166,2172652,EUR,1766816.9700000002,1042586.0900000001,340522.54000000004,AA+
P-00573,2024-04-01,Asia Pacific,Marine,6479706,5342864,1560837,0.29213489244719687,0.6262762442588945,Acentria Reinsurance,Operational,0.972,7968514,EUR,7062879.540000001,5823721.760000001,1701312.33,AA+
P-00574,2024-01-01,Kenya,Liability,5377326,4896645,2358946,0.4817474005160676,0.6185428949982577,Swiss Re,Health,0.61,5347851,USD,5377326.0,4896645.0,2358946.0,AAA
P-00575,2024-02-01,Australia & Pacific,Property,6877130,4137272,1778808,0.4299470762376755,0.6488168758678334,SCOR,Agriculture,0.518,6430502,EUR,7496071.7,4509626.48,1938900.7200000002,AA+
P-00576,2024-04-01,Nordics,Engineering,5341069,4382737,2454934,0.5601371928089685,1.001848517919501,Hollard Re,Weather,0.432,7324826,USD,5341069.0,4382737.0,2454934.0,AAA
P-00577,2024-04-01,North America,Marine,1875105,1176610,417854,0.35513381664272786,0.6939032180760709,Partner Re,Liability,1.021,2188197,USD,1875105.0,1176610.0,417854.0,AAA
P-00578,2024-02-01,Africa,Accident & Health,7541088,4153753,2580182,0.6211688562126828,1.0126496078447476,Acentria Reinsurance,Political,0.837,7855171,USD,7541088.0,4153753.0,2580182.0,AAA
P-00579,2024-02-01,Kenya,Accident & Health,726093,597395,278185,0.465663422023954,0.621673952363134,Hollard Re,Cyber,0.903,833031,EUR,791441.3700000001,651160.55,303221.65,AA+
P-00580,2024-02-01,North America,Marine,4781662,3077723,1840089,0.5978734928386993,0.9623458019918364,Old Mutual Re Africa,Nat Cat,1.323,6296980,EUR,5212011.58,3354718.0700000003,2005697.0100000002,AA+
P-00581,2024-01-01,Kenya,Agriculture,4487032,2844405,2181784,0.7670440742439983,0.8424640181724226,Old Mutual Re Africa,Liability,1.075,5757695,EUR,4890864.880000001,3100401.45,2378144.56,AA+
P-00582,2024-01-01,Middle East & Africa,Liability,1835857,1297567,182503,0.14065015525209873,0.5628024483060101,Partner Re,Cyber,0.749,2099854,EUR,2001084.1300000001,1414348.03,198928.27000000002,AA+
P-00583,2024-02-01,Africa,Energy,362700,221054,80517,0.36424131660137343,0.7978531285879369,Munich Re,Market,0.939,334516,KES,2647.71,1613.6942,587.7741,BBB
P-00584,2024-01-01,Europe,Agriculture,7933378,6793854,3585149,0.5277047460837399,0.7089704049714883,Swiss Re,Nat Cat,0.633,9907108,USD,7933378.0,6793854.0,3585149.0,AAA
P-00585,2024-03-01,Australia & Pacific,Motor,4429251,3309083,699879,0.2115024011183763,0.6493019408602176,Metro Insurers Ltd,Weather,0.87,5133776,EUR,4827883.590000001,3606900.47,762868.1100000001,AA+
P-00586,2024-02-01,North America,Accident & Health,55199,36006,14740,0.4093762150752652,0.8063154464811979,AgriProtect,Market,0.584,71563,EUR,60166.91,39246.54,16066.6,AA+
P-00587,2024-01-01,Australia & Pacific,Accident & Health,3817493,2372165,2278817,0.960648605809461,1.35,Africa Re,Cyber,0.598,5435927,KES,27867.6989,17316.8045,16635.3641,BBB
P-00588,2024-03-01,Latin America,Liability,3722006,3109592,2036832,0.6550158348748003,1.0502088396425933,AgriProtect,Agriculture,0.455,3614592,KES,27170.6438,22700.0216,14868.8736,BBB
P-00589,2024-04-01,Caribbean,Engineering,4618806,2584070,1579115,0.611096061639197,0.8845664378338884,Old Mutual Re Africa,Agriculture,0.699,6259176,KES,33717.2838,18863.711,11527.5395,BBB
P-00590,2024-04-01,Middle East & Africa,Property,2305982,1322590,960600,0.7263021798138501,1.1993531677987463,Acentria Reinsurance,Health,1.094,2143933,KES,16833.6686,9654.907,7012.38,BBB
P-00591,2024-03-01,North America,Accident & Health,4955709,3225276,3171104,0.9832039180522845,1.35,Acentria Reinsurance,Health,0.552,5510424,EUR,5401722.8100000005,3515550.8400000003,3456503.3600000003,AA+
P-00592,2024-02-01,North America,Liability,1436736,796163,383600,0.48181088545938455,0.7492041167941557,Metro Insurers Ltd,Political,0.619,1645392,USD,1436736.0,796163.0,383600.0,AAA
P-00593,2024-01-01,Nordics,Agriculture,4585735,2994182,2151748,0.7186430217000837,1.1060616617440362,Metro Insurers Ltd,Health,1.204,4304516,KES,33475.8655,21857.5286,15707.760400000001,BBB
P-00594,2024-04-01,Nordics,Accident & Health,4190836,3048233,2541959,0.8339123026356581,1.0734618721592382,Swiss Re,Liability,0.589,4009656,USD,4190836.0,3048233.0,2541959.0,AAA
P-00595,2024-01-01,Nordics,Motor,1384267,906814,291337,0.3212753662823909,0.4059819908281276,SCOR,Health,0.853,2068576,USD,1384267.0,906814.0,291337.0,AAA
P-00596,2024-04-01,North America,Accident & Health,4403497,2535294,1579096,0.6228453189255369,0.7563774499664841,Hannover Re,Cyber,0.831,5769705,EUR,4799811.73,2763470.4600000004,1721214.6400000001,AA+
P-00597,2024-01-01,Caribbean,Liability,3857179,2917309,462924,0.15868185372204316,0.5789520928832902,Africa Re,Market,1.301,4272372,USD,3857179.0,2917309.0,462924.0,AAA
P-00598,2024-02-01,Caribbean,Energy,157128,142161,97188,0.6836474138476798,1.0397159330048185,AgriProtect,Nat Cat,0.953,143504,USD,157128.0,142161.0,97188.0,AAA
P-00599,2024-04-01,Asia Pacific,Energy,6338325,4903366,1813697,0.3698881543821122,0.7444441406251604,Hollard Re,Operational,1.236,5734725,EUR,6908774.250000001,5344668.94,1976929.7300000002,AA+
P-00600,2024-04-01,Africa,Energy,435664,287276,99916,0.3478048984252078,0.4660385477519155,Munich Re,Health,0.931,610684,EUR,474873.76,313130.84,108908.44,AA+
